17-Oct-2025 14:42:39.841 INFO [main] org.apache.catalina.startup.VersionLoggerListener.log Server version name:   Apache Tomcat/11.0.9
17-Oct-2025 14:42:39.847 INFO [main] org.apache.catalina.startup.VersionLoggerListener.log Server built:          Jul 1 2025 20:39:04 UTC
17-Oct-2025 14:42:39.848 INFO [main] org.apache.catalina.startup.VersionLoggerListener.log Server version number: 11.0.9.0
17-Oct-2025 14:42:39.848 INFO [main] org.apache.catalina.startup.VersionLoggerListener.log OS Name:               Windows 11
17-Oct-2025 14:42:39.848 INFO [main] org.apache.catalina.startup.VersionLoggerListener.log OS Version:            10.0
17-Oct-2025 14:42:39.848 INFO [main] org.apache.catalina.startup.VersionLoggerListener.log Architecture:          amd64
17-Oct-2025 14:42:39.848 INFO [main] org.apache.catalina.startup.VersionLoggerListener.log Java Home:             C:\Users\aoasi\.jdks\openjdk-23.0.2
17-Oct-2025 14:42:39.848 INFO [main] org.apache.catalina.startup.VersionLoggerListener.log JVM Version:           23.0.2+7-58
17-Oct-2025 14:42:39.849 INFO [main] org.apache.catalina.startup.VersionLoggerListener.log JVM Vendor:            Oracle Corporation
17-Oct-2025 14:42:39.849 INFO [main] org.apache.catalina.startup.VersionLoggerListener.log CATALINA_BASE:         C:\Users\aoasi\OneDrive - Instituto J&F\Casa\InterdisciplinarBack\ServletProjects\EmpresasCRUD3\servlet-igesta\.smarttomcat\servlet-igesta
17-Oct-2025 14:42:39.849 INFO [main] org.apache.catalina.startup.VersionLoggerListener.log CATALINA_HOME:         C:\apache-tomcat-11.0.9
17-Oct-2025 14:42:39.863 INFO [main] org.apache.catalina.startup.VersionLoggerListener.log Command line argument: --add-opens=java.base/java.lang=ALL-UNNAMED
17-Oct-2025 14:42:39.863 INFO [main] org.apache.catalina.startup.VersionLoggerListener.log Command line argument: --add-opens=java.base/java.io=ALL-UNNAMED
17-Oct-2025 14:42:39.864 INFO [main] org.apache.catalina.startup.VersionLoggerListener.log Command line argument: --add-opens=java.base/java.util=ALL-UNNAMED
17-Oct-2025 14:42:39.864 INFO [main] org.apache.catalina.startup.VersionLoggerListener.log Command line argument: --add-opens=java.base/java.util.concurrent=ALL-UNNAMED
17-Oct-2025 14:42:39.865 INFO [main] org.apache.catalina.startup.VersionLoggerListener.log Command line argument: --add-opens=java.rmi/sun.rmi.transport=ALL-UNNAMED
17-Oct-2025 14:42:39.865 INFO [main] org.apache.catalina.startup.VersionLoggerListener.log Command line argument: -Dcatalina.home=C:\apache-tomcat-11.0.9
17-Oct-2025 14:42:39.865 INFO [main] org.apache.catalina.startup.VersionLoggerListener.log Command line argument: -Dcatalina.base=C:\Users\aoasi\OneDrive - Instituto J&F\Casa\InterdisciplinarBack\ServletProjects\EmpresasCRUD3\servlet-igesta\.smarttomcat\servlet-igesta
17-Oct-2025 14:42:39.865 INFO [main] org.apache.catalina.startup.VersionLoggerListener.log Command line argument: -Djava.io.tmpdir=C:\Users\aoasi\OneDrive - Instituto J&F\Casa\InterdisciplinarBack\ServletProjects\EmpresasCRUD3\servlet-igesta\.smarttomcat\servlet-igesta\temp
17-Oct-2025 14:42:39.865 INFO [main] org.apache.catalina.startup.VersionLoggerListener.log Command line argument: -Djava.util.logging.config.file=C:\Users\aoasi\OneDrive - Instituto J&F\Casa\InterdisciplinarBack\ServletProjects\EmpresasCRUD3\servlet-igesta\.smarttomcat\servlet-igesta\conf\logging.properties
17-Oct-2025 14:42:39.866 INFO [main] org.apache.catalina.startup.VersionLoggerListener.log Command line argument: -Djava.util.logging.manager=org.apache.juli.ClassLoaderLogManager
17-Oct-2025 14:42:39.866 INFO [main] org.apache.catalina.startup.VersionLoggerListener.log Command line argument: -javaagent:C:\Program Files\JetBrains\IntelliJ IDEA 2024.3.3\lib\idea_rt.jar=53131:C:\Program Files\JetBrains\IntelliJ IDEA 2024.3.3\bin
17-Oct-2025 14:42:39.866 INFO [main] org.apache.catalina.startup.VersionLoggerListener.log Command line argument: -Dfile.encoding=UTF-8
17-Oct-2025 14:42:39.866 INFO [main] org.apache.catalina.startup.VersionLoggerListener.log Command line argument: -Dsun.stdout.encoding=UTF-8
17-Oct-2025 14:42:39.866 INFO [main] org.apache.catalina.startup.VersionLoggerListener.log Command line argument: -Dsun.stderr.encoding=UTF-8
17-Oct-2025 14:42:39.875 INFO [main] org.apache.catalina.core.AprLifecycleListener.lifecycleEvent The Apache Tomcat Native library which allows using OpenSSL was not found on the java.library.path: [C:\Users\aoasi\.jdks\openjdk-23.0.2\bin;C:\Windows\Sun\Java\bin;C:\Windows\system32;C:\Windows;C:\Program Files\Common Files\Oracle\Java\javapath;C:\Program Files\Eclipse Adoptium\jdk-21.0.8.9-hotspot\bin;C:\ProgramData\Oracle\Java\javapath;C:\Program Files (x86)\Common Files\Oracle\Java\java8path;C:\Windows\system32;C:\Windows;C:\Windows\System32\Wbem;C:\Windows\System32\WindowsPowerShell\v1.0\;C:\Windows\System32\OpenSSH\;C:\Program Files\Lua;C:\Program Files\dotnet\;C:\Windows\Microsoft.NET\Framework64\v4.0.30319;C:\Program Files\Docker\Docker\resources\bin;C:\Program Files\Git\cmd;C:\Windows\system32\config\systemprofile\AppData\Local\Muse Hub\lib;C:\Users\aoasi\.cargo\bin;C:\Users\aoasi\AppData\Local\Programs\Python\Launcher\;C:\Users\aoasi\AppData\Local\Microsoft\WindowsApps;C:\Users\aoasi\AppData\Local\Programs\Microsoft VS Code\bin;C:\Users\aoasi\AppData\Local\Muse Hub\lib;C:\Windows\Microsoft.NET\Framework64\v4.0.30319;C:\Users\aoasi\.dotnet\tools;C:\Program Files\JetBrains\IntelliJ IDEA 2024.3.3\bin;;.]
17-Oct-2025 14:42:40.281 INFO [main] org.apache.coyote.AbstractProtocol.init Initializing ProtocolHandler ["http-nio-8080"]
17-Oct-2025 14:42:40.300 INFO [main] org.apache.catalina.startup.Catalina.load Server initialization in [726] milliseconds
17-Oct-2025 14:42:40.367 INFO [main] org.apache.catalina.core.StandardService.startInternal Starting service [Catalina]
17-Oct-2025 14:42:40.368 INFO [main] org.apache.catalina.core.StandardEngine.startInternal Starting Servlet engine: [Apache Tomcat/11.0.9]
17-Oct-2025 14:42:40.388 INFO [main] org.apache.catalina.startup.HostConfig.deployDescriptor Deploying deployment descriptor [C:\Users\aoasi\OneDrive - Instituto J&F\Casa\InterdisciplinarBack\ServletProjects\EmpresasCRUD3\servlet-igesta\.smarttomcat\servlet-igesta\conf\Catalina\localhost\servlet-igesta.xml]
17-Oct-2025 14:42:41.429 INFO [main] org.apache.jasper.servlet.TldScanner.scanJars At least one JAR was scanned for TLDs yet contained no TLDs. Enable debug logging for this logger for a complete list of JARs that were scanned but no TLDs were found in them. Skipping unneeded JARs during scanning can improve startup time and JSP compilation time.
17-Oct-2025 14:42:41.491 INFO [main] org.apache.catalina.startup.HostConfig.deployDescriptor Deployment of deployment descriptor [C:\Users\aoasi\OneDrive - Instituto J&F\Casa\InterdisciplinarBack\ServletProjects\EmpresasCRUD3\servlet-igesta\.smarttomcat\servlet-igesta\conf\Catalina\localhost\servlet-igesta.xml] has finished in [1.100] ms
17-Oct-2025 14:42:41.494 INFO [main] org.apache.coyote.AbstractProtocol.start Starting ProtocolHandler ["http-nio-8080"]
17-Oct-2025 14:42:41.518 INFO [main] org.apache.catalina.startup.Catalina.start Server startup in [1216] milliseconds
17-Oct-2025 14:44:11.459 INFO [Thread-1] org.apache.coyote.AbstractProtocol.pause Pausing ProtocolHandler ["http-nio-8080"]
17-Oct-2025 14:44:11.463 INFO [Thread-1] org.apache.catalina.core.StandardService.stopInternal Stopping service [Catalina]
17-Oct-2025 14:44:11.474 INFO [Thread-1] org.apache.coyote.AbstractProtocol.stop Stopping ProtocolHandler ["http-nio-8080"]
17-Oct-2025 14:44:11.479 INFO [Thread-1] org.apache.coyote.AbstractProtocol.destroy Destroying ProtocolHandler ["http-nio-8080"]
17-Oct-2025 14:44:17.886 INFO [main] org.apache.catalina.startup.VersionLoggerListener.log Server version name:   Apache Tomcat/11.0.9
17-Oct-2025 14:44:17.893 INFO [main] org.apache.catalina.startup.VersionLoggerListener.log Server built:          Jul 1 2025 20:39:04 UTC
17-Oct-2025 14:44:17.893 INFO [main] org.apache.catalina.startup.VersionLoggerListener.log Server version number: 11.0.9.0
17-Oct-2025 14:44:17.893 INFO [main] org.apache.catalina.startup.VersionLoggerListener.log OS Name:               Windows 11
17-Oct-2025 14:44:17.894 INFO [main] org.apache.catalina.startup.VersionLoggerListener.log OS Version:            10.0
17-Oct-2025 14:44:17.894 INFO [main] org.apache.catalina.startup.VersionLoggerListener.log Architecture:          amd64
17-Oct-2025 14:44:17.894 INFO [main] org.apache.catalina.startup.VersionLoggerListener.log Java Home:             C:\Users\aoasi\.jdks\openjdk-23.0.2
17-Oct-2025 14:44:17.894 INFO [main] org.apache.catalina.startup.VersionLoggerListener.log JVM Version:           23.0.2+7-58
17-Oct-2025 14:44:17.894 INFO [main] org.apache.catalina.startup.VersionLoggerListener.log JVM Vendor:            Oracle Corporation
17-Oct-2025 14:44:17.894 INFO [main] org.apache.catalina.startup.VersionLoggerListener.log CATALINA_BASE:         C:\Users\aoasi\OneDrive - Instituto J&F\Casa\InterdisciplinarBack\ServletProjects\EmpresasCRUD3\servlet-igesta\.smarttomcat\servlet-igesta
17-Oct-2025 14:44:17.894 INFO [main] org.apache.catalina.startup.VersionLoggerListener.log CATALINA_HOME:         C:\apache-tomcat-11.0.9
17-Oct-2025 14:44:17.905 INFO [main] org.apache.catalina.startup.VersionLoggerListener.log Command line argument: --add-opens=java.base/java.lang=ALL-UNNAMED
17-Oct-2025 14:44:17.906 INFO [main] org.apache.catalina.startup.VersionLoggerListener.log Command line argument: --add-opens=java.base/java.io=ALL-UNNAMED
17-Oct-2025 14:44:17.906 INFO [main] org.apache.catalina.startup.VersionLoggerListener.log Command line argument: --add-opens=java.base/java.util=ALL-UNNAMED
17-Oct-2025 14:44:17.906 INFO [main] org.apache.catalina.startup.VersionLoggerListener.log Command line argument: --add-opens=java.base/java.util.concurrent=ALL-UNNAMED
17-Oct-2025 14:44:17.906 INFO [main] org.apache.catalina.startup.VersionLoggerListener.log Command line argument: --add-opens=java.rmi/sun.rmi.transport=ALL-UNNAMED
17-Oct-2025 14:44:17.906 INFO [main] org.apache.catalina.startup.VersionLoggerListener.log Command line argument: -Dcatalina.home=C:\apache-tomcat-11.0.9
17-Oct-2025 14:44:17.906 INFO [main] org.apache.catalina.startup.VersionLoggerListener.log Command line argument: -Dcatalina.base=C:\Users\aoasi\OneDrive - Instituto J&F\Casa\InterdisciplinarBack\ServletProjects\EmpresasCRUD3\servlet-igesta\.smarttomcat\servlet-igesta
17-Oct-2025 14:44:17.907 INFO [main] org.apache.catalina.startup.VersionLoggerListener.log Command line argument: -Djava.io.tmpdir=C:\Users\aoasi\OneDrive - Instituto J&F\Casa\InterdisciplinarBack\ServletProjects\EmpresasCRUD3\servlet-igesta\.smarttomcat\servlet-igesta\temp
17-Oct-2025 14:44:17.907 INFO [main] org.apache.catalina.startup.VersionLoggerListener.log Command line argument: -Djava.util.logging.config.file=C:\Users\aoasi\OneDrive - Instituto J&F\Casa\InterdisciplinarBack\ServletProjects\EmpresasCRUD3\servlet-igesta\.smarttomcat\servlet-igesta\conf\logging.properties
17-Oct-2025 14:44:17.907 INFO [main] org.apache.catalina.startup.VersionLoggerListener.log Command line argument: -Djava.util.logging.manager=org.apache.juli.ClassLoaderLogManager
17-Oct-2025 14:44:17.907 INFO [main] org.apache.catalina.startup.VersionLoggerListener.log Command line argument: -javaagent:C:\Program Files\JetBrains\IntelliJ IDEA 2024.3.3\lib\idea_rt.jar=55915:C:\Program Files\JetBrains\IntelliJ IDEA 2024.3.3\bin
17-Oct-2025 14:44:17.907 INFO [main] org.apache.catalina.startup.VersionLoggerListener.log Command line argument: -Dfile.encoding=UTF-8
17-Oct-2025 14:44:17.907 INFO [main] org.apache.catalina.startup.VersionLoggerListener.log Command line argument: -Dsun.stdout.encoding=UTF-8
17-Oct-2025 14:44:17.907 INFO [main] org.apache.catalina.startup.VersionLoggerListener.log Command line argument: -Dsun.stderr.encoding=UTF-8
17-Oct-2025 14:44:17.919 INFO [main] org.apache.catalina.core.AprLifecycleListener.lifecycleEvent The Apache Tomcat Native library which allows using OpenSSL was not found on the java.library.path: [C:\Users\aoasi\.jdks\openjdk-23.0.2\bin;C:\Windows\Sun\Java\bin;C:\Windows\system32;C:\Windows;C:\Program Files\Common Files\Oracle\Java\javapath;C:\Program Files\Eclipse Adoptium\jdk-21.0.8.9-hotspot\bin;C:\ProgramData\Oracle\Java\javapath;C:\Program Files (x86)\Common Files\Oracle\Java\java8path;C:\Windows\system32;C:\Windows;C:\Windows\System32\Wbem;C:\Windows\System32\WindowsPowerShell\v1.0\;C:\Windows\System32\OpenSSH\;C:\Program Files\Lua;C:\Program Files\dotnet\;C:\Windows\Microsoft.NET\Framework64\v4.0.30319;C:\Program Files\Docker\Docker\resources\bin;C:\Program Files\Git\cmd;C:\Windows\system32\config\systemprofile\AppData\Local\Muse Hub\lib;C:\Users\aoasi\.cargo\bin;C:\Users\aoasi\AppData\Local\Programs\Python\Launcher\;C:\Users\aoasi\AppData\Local\Microsoft\WindowsApps;C:\Users\aoasi\AppData\Local\Programs\Microsoft VS Code\bin;C:\Users\aoasi\AppData\Local\Muse Hub\lib;C:\Windows\Microsoft.NET\Framework64\v4.0.30319;C:\Users\aoasi\.dotnet\tools;C:\Program Files\JetBrains\IntelliJ IDEA 2024.3.3\bin;;.]
17-Oct-2025 14:44:18.365 INFO [main] org.apache.coyote.AbstractProtocol.init Initializing ProtocolHandler ["http-nio-8080"]
17-Oct-2025 14:44:18.391 INFO [main] org.apache.catalina.startup.Catalina.load Server initialization in [825] milliseconds
17-Oct-2025 14:44:18.460 INFO [main] org.apache.catalina.core.StandardService.startInternal Starting service [Catalina]
17-Oct-2025 14:44:18.460 INFO [main] org.apache.catalina.core.StandardEngine.startInternal Starting Servlet engine: [Apache Tomcat/11.0.9]
17-Oct-2025 14:44:18.482 INFO [main] org.apache.catalina.startup.HostConfig.deployDescriptor Deploying deployment descriptor [C:\Users\aoasi\OneDrive - Instituto J&F\Casa\InterdisciplinarBack\ServletProjects\EmpresasCRUD3\servlet-igesta\.smarttomcat\servlet-igesta\conf\Catalina\localhost\servlet-igesta.xml]
17-Oct-2025 14:44:19.468 INFO [main] org.apache.jasper.servlet.TldScanner.scanJars At least one JAR was scanned for TLDs yet contained no TLDs. Enable debug logging for this logger for a complete list of JARs that were scanned but no TLDs were found in them. Skipping unneeded JARs during scanning can improve startup time and JSP compilation time.
17-Oct-2025 14:44:19.532 INFO [main] org.apache.catalina.startup.HostConfig.deployDescriptor Deployment of deployment descriptor [C:\Users\aoasi\OneDrive - Instituto J&F\Casa\InterdisciplinarBack\ServletProjects\EmpresasCRUD3\servlet-igesta\.smarttomcat\servlet-igesta\conf\Catalina\localhost\servlet-igesta.xml] has finished in [1.047] ms
17-Oct-2025 14:44:19.537 INFO [main] org.apache.coyote.AbstractProtocol.start Starting ProtocolHandler ["http-nio-8080"]
17-Oct-2025 14:44:19.565 INFO [main] org.apache.catalina.startup.Catalina.start Server startup in [1173] milliseconds
17-Oct-2025 14:56:26.869 INFO [Thread-1] org.apache.coyote.AbstractProtocol.pause Pausing ProtocolHandler ["http-nio-8080"]
17-Oct-2025 14:56:26.872 INFO [Thread-1] org.apache.catalina.core.StandardService.stopInternal Stopping service [Catalina]
17-Oct-2025 14:56:26.874 INFO [Thread-1] org.apache.catalina.core.StandardWrapper.unload Waiting for [1] instance(s) to be deallocated for Servlet [com.backigesta.servlet.Foto]
17-Oct-2025 14:56:27.739 WARNING [Thread-1] org.apache.catalina.loader.WebappClassLoaderBase.clearReferencesJdbc The web application [servlet-igesta] registered the JDBC driver [org.postgresql.Driver] but failed to unregister it when the web application was stopped. To prevent a memory leak, the JDBC Driver has been forcibly unregistered.
17-Oct-2025 14:56:27.746 INFO [Thread-1] org.apache.coyote.AbstractProtocol.stop Stopping ProtocolHandler ["http-nio-8080"]
17-Oct-2025 14:56:27.756 INFO [Thread-1] org.apache.coyote.AbstractProtocol.destroy Destroying ProtocolHandler ["http-nio-8080"]
17-Oct-2025 14:56:30.960 INFO [main] org.apache.catalina.startup.VersionLoggerListener.log Server version name:   Apache Tomcat/11.0.9
17-Oct-2025 14:56:30.965 INFO [main] org.apache.catalina.startup.VersionLoggerListener.log Server built:          Jul 1 2025 20:39:04 UTC
17-Oct-2025 14:56:30.966 INFO [main] org.apache.catalina.startup.VersionLoggerListener.log Server version number: 11.0.9.0
17-Oct-2025 14:56:30.966 INFO [main] org.apache.catalina.startup.VersionLoggerListener.log OS Name:               Windows 11
17-Oct-2025 14:56:30.966 INFO [main] org.apache.catalina.startup.VersionLoggerListener.log OS Version:            10.0
17-Oct-2025 14:56:30.966 INFO [main] org.apache.catalina.startup.VersionLoggerListener.log Architecture:          amd64
17-Oct-2025 14:56:30.966 INFO [main] org.apache.catalina.startup.VersionLoggerListener.log Java Home:             C:\Users\aoasi\.jdks\openjdk-23.0.2
17-Oct-2025 14:56:30.966 INFO [main] org.apache.catalina.startup.VersionLoggerListener.log JVM Version:           23.0.2+7-58
17-Oct-2025 14:56:30.966 INFO [main] org.apache.catalina.startup.VersionLoggerListener.log JVM Vendor:            Oracle Corporation
17-Oct-2025 14:56:30.966 INFO [main] org.apache.catalina.startup.VersionLoggerListener.log CATALINA_BASE:         C:\Users\aoasi\OneDrive - Instituto J&F\Casa\InterdisciplinarBack\ServletProjects\EmpresasCRUD3\servlet-igesta\.smarttomcat\servlet-igesta
17-Oct-2025 14:56:30.966 INFO [main] org.apache.catalina.startup.VersionLoggerListener.log CATALINA_HOME:         C:\apache-tomcat-11.0.9
17-Oct-2025 14:56:30.978 INFO [main] org.apache.catalina.startup.VersionLoggerListener.log Command line argument: --add-opens=java.base/java.lang=ALL-UNNAMED
17-Oct-2025 14:56:30.979 INFO [main] org.apache.catalina.startup.VersionLoggerListener.log Command line argument: --add-opens=java.base/java.io=ALL-UNNAMED
17-Oct-2025 14:56:30.979 INFO [main] org.apache.catalina.startup.VersionLoggerListener.log Command line argument: --add-opens=java.base/java.util=ALL-UNNAMED
17-Oct-2025 14:56:30.979 INFO [main] org.apache.catalina.startup.VersionLoggerListener.log Command line argument: --add-opens=java.base/java.util.concurrent=ALL-UNNAMED
17-Oct-2025 14:56:30.979 INFO [main] org.apache.catalina.startup.VersionLoggerListener.log Command line argument: --add-opens=java.rmi/sun.rmi.transport=ALL-UNNAMED
17-Oct-2025 14:56:30.979 INFO [main] org.apache.catalina.startup.VersionLoggerListener.log Command line argument: -Dcatalina.home=C:\apache-tomcat-11.0.9
17-Oct-2025 14:56:30.979 INFO [main] org.apache.catalina.startup.VersionLoggerListener.log Command line argument: -Dcatalina.base=C:\Users\aoasi\OneDrive - Instituto J&F\Casa\InterdisciplinarBack\ServletProjects\EmpresasCRUD3\servlet-igesta\.smarttomcat\servlet-igesta
17-Oct-2025 14:56:30.979 INFO [main] org.apache.catalina.startup.VersionLoggerListener.log Command line argument: -Djava.io.tmpdir=C:\Users\aoasi\OneDrive - Instituto J&F\Casa\InterdisciplinarBack\ServletProjects\EmpresasCRUD3\servlet-igesta\.smarttomcat\servlet-igesta\temp
17-Oct-2025 14:56:30.979 INFO [main] org.apache.catalina.startup.VersionLoggerListener.log Command line argument: -Djava.util.logging.config.file=C:\Users\aoasi\OneDrive - Instituto J&F\Casa\InterdisciplinarBack\ServletProjects\EmpresasCRUD3\servlet-igesta\.smarttomcat\servlet-igesta\conf\logging.properties
17-Oct-2025 14:56:30.979 INFO [main] org.apache.catalina.startup.VersionLoggerListener.log Command line argument: -Djava.util.logging.manager=org.apache.juli.ClassLoaderLogManager
17-Oct-2025 14:56:30.980 INFO [main] org.apache.catalina.startup.VersionLoggerListener.log Command line argument: -javaagent:C:\Program Files\JetBrains\IntelliJ IDEA 2024.3.3\lib\idea_rt.jar=57591:C:\Program Files\JetBrains\IntelliJ IDEA 2024.3.3\bin
17-Oct-2025 14:56:30.980 INFO [main] org.apache.catalina.startup.VersionLoggerListener.log Command line argument: -Dfile.encoding=UTF-8
17-Oct-2025 14:56:30.980 INFO [main] org.apache.catalina.startup.VersionLoggerListener.log Command line argument: -Dsun.stdout.encoding=UTF-8
17-Oct-2025 14:56:30.980 INFO [main] org.apache.catalina.startup.VersionLoggerListener.log Command line argument: -Dsun.stderr.encoding=UTF-8
17-Oct-2025 14:56:30.989 INFO [main] org.apache.catalina.core.AprLifecycleListener.lifecycleEvent The Apache Tomcat Native library which allows using OpenSSL was not found on the java.library.path: [C:\Users\aoasi\.jdks\openjdk-23.0.2\bin;C:\Windows\Sun\Java\bin;C:\Windows\system32;C:\Windows;C:\Program Files\Common Files\Oracle\Java\javapath;C:\Program Files\Eclipse Adoptium\jdk-21.0.8.9-hotspot\bin;C:\ProgramData\Oracle\Java\javapath;C:\Program Files (x86)\Common Files\Oracle\Java\java8path;C:\Windows\system32;C:\Windows;C:\Windows\System32\Wbem;C:\Windows\System32\WindowsPowerShell\v1.0\;C:\Windows\System32\OpenSSH\;C:\Program Files\Lua;C:\Program Files\dotnet\;C:\Windows\Microsoft.NET\Framework64\v4.0.30319;C:\Program Files\Docker\Docker\resources\bin;C:\Program Files\Git\cmd;C:\Windows\system32\config\systemprofile\AppData\Local\Muse Hub\lib;C:\Users\aoasi\.cargo\bin;C:\Users\aoasi\AppData\Local\Programs\Python\Launcher\;C:\Users\aoasi\AppData\Local\Microsoft\WindowsApps;C:\Users\aoasi\AppData\Local\Programs\Microsoft VS Code\bin;C:\Users\aoasi\AppData\Local\Muse Hub\lib;C:\Windows\Microsoft.NET\Framework64\v4.0.30319;C:\Users\aoasi\.dotnet\tools;C:\Program Files\JetBrains\IntelliJ IDEA 2024.3.3\bin;;.]
17-Oct-2025 14:56:31.359 INFO [main] org.apache.coyote.AbstractProtocol.init Initializing ProtocolHandler ["http-nio-8080"]
17-Oct-2025 14:56:31.379 INFO [main] org.apache.catalina.startup.Catalina.load Server initialization in [693] milliseconds
17-Oct-2025 14:56:31.446 INFO [main] org.apache.catalina.core.StandardService.startInternal Starting service [Catalina]
17-Oct-2025 14:56:31.446 INFO [main] org.apache.catalina.core.StandardEngine.startInternal Starting Servlet engine: [Apache Tomcat/11.0.9]
17-Oct-2025 14:56:31.466 INFO [main] org.apache.catalina.startup.HostConfig.deployDescriptor Deploying deployment descriptor [C:\Users\aoasi\OneDrive - Instituto J&F\Casa\InterdisciplinarBack\ServletProjects\EmpresasCRUD3\servlet-igesta\.smarttomcat\servlet-igesta\conf\Catalina\localhost\servlet-igesta.xml]
17-Oct-2025 14:56:32.390 INFO [main] org.apache.jasper.servlet.TldScanner.scanJars At least one JAR was scanned for TLDs yet contained no TLDs. Enable debug logging for this logger for a complete list of JARs that were scanned but no TLDs were found in them. Skipping unneeded JARs during scanning can improve startup time and JSP compilation time.
17-Oct-2025 14:56:32.443 INFO [main] org.apache.catalina.startup.HostConfig.deployDescriptor Deployment of deployment descriptor [C:\Users\aoasi\OneDrive - Instituto J&F\Casa\InterdisciplinarBack\ServletProjects\EmpresasCRUD3\servlet-igesta\.smarttomcat\servlet-igesta\conf\Catalina\localhost\servlet-igesta.xml] has finished in [973] ms
17-Oct-2025 14:56:32.448 INFO [main] org.apache.coyote.AbstractProtocol.start Starting ProtocolHandler ["http-nio-8080"]
17-Oct-2025 14:56:32.471 INFO [main] org.apache.catalina.startup.Catalina.start Server startup in [1089] milliseconds
17-Oct-2025 14:59:09.256 INFO [Thread-1] org.apache.coyote.AbstractProtocol.pause Pausing ProtocolHandler ["http-nio-8080"]
17-Oct-2025 14:59:09.260 INFO [Thread-1] org.apache.catalina.core.StandardService.stopInternal Stopping service [Catalina]
17-Oct-2025 14:59:09.262 INFO [Thread-1] org.apache.catalina.core.StandardWrapper.unload Waiting for [1] instance(s) to be deallocated for Servlet [jsp]
17-Oct-2025 14:59:10.350 INFO [Thread-1] org.apache.catalina.core.StandardWrapper.unload Waiting for [1] instance(s) to be deallocated for Servlet [jsp]
17-Oct-2025 14:59:10.899 WARNING [Thread-1] org.apache.catalina.loader.WebappClassLoaderBase.clearReferencesJdbc The web application [servlet-igesta] registered the JDBC driver [org.postgresql.Driver] but failed to unregister it when the web application was stopped. To prevent a memory leak, the JDBC Driver has been forcibly unregistered.
17-Oct-2025 14:59:10.906 INFO [Thread-1] org.apache.coyote.AbstractProtocol.stop Stopping ProtocolHandler ["http-nio-8080"]
17-Oct-2025 14:59:10.915 INFO [Thread-1] org.apache.coyote.AbstractProtocol.destroy Destroying ProtocolHandler ["http-nio-8080"]
17-Oct-2025 14:59:12.904 INFO [main] org.apache.catalina.startup.VersionLoggerListener.log Server version name:   Apache Tomcat/11.0.9
17-Oct-2025 14:59:12.908 INFO [main] org.apache.catalina.startup.VersionLoggerListener.log Server built:          Jul 1 2025 20:39:04 UTC
17-Oct-2025 14:59:12.909 INFO [main] org.apache.catalina.startup.VersionLoggerListener.log Server version number: 11.0.9.0
17-Oct-2025 14:59:12.909 INFO [main] org.apache.catalina.startup.VersionLoggerListener.log OS Name:               Windows 11
17-Oct-2025 14:59:12.909 INFO [main] org.apache.catalina.startup.VersionLoggerListener.log OS Version:            10.0
17-Oct-2025 14:59:12.909 INFO [main] org.apache.catalina.startup.VersionLoggerListener.log Architecture:          amd64
17-Oct-2025 14:59:12.909 INFO [main] org.apache.catalina.startup.VersionLoggerListener.log Java Home:             C:\Users\aoasi\.jdks\openjdk-23.0.2
17-Oct-2025 14:59:12.910 INFO [main] org.apache.catalina.startup.VersionLoggerListener.log JVM Version:           23.0.2+7-58
17-Oct-2025 14:59:12.910 INFO [main] org.apache.catalina.startup.VersionLoggerListener.log JVM Vendor:            Oracle Corporation
17-Oct-2025 14:59:12.910 INFO [main] org.apache.catalina.startup.VersionLoggerListener.log CATALINA_BASE:         C:\Users\aoasi\OneDrive - Instituto J&F\Casa\InterdisciplinarBack\ServletProjects\EmpresasCRUD3\servlet-igesta\.smarttomcat\servlet-igesta
17-Oct-2025 14:59:12.910 INFO [main] org.apache.catalina.startup.VersionLoggerListener.log CATALINA_HOME:         C:\apache-tomcat-11.0.9
17-Oct-2025 14:59:12.920 INFO [main] org.apache.catalina.startup.VersionLoggerListener.log Command line argument: --add-opens=java.base/java.lang=ALL-UNNAMED
17-Oct-2025 14:59:12.920 INFO [main] org.apache.catalina.startup.VersionLoggerListener.log Command line argument: --add-opens=java.base/java.io=ALL-UNNAMED
17-Oct-2025 14:59:12.920 INFO [main] org.apache.catalina.startup.VersionLoggerListener.log Command line argument: --add-opens=java.base/java.util=ALL-UNNAMED
17-Oct-2025 14:59:12.920 INFO [main] org.apache.catalina.startup.VersionLoggerListener.log Command line argument: --add-opens=java.base/java.util.concurrent=ALL-UNNAMED
17-Oct-2025 14:59:12.920 INFO [main] org.apache.catalina.startup.VersionLoggerListener.log Command line argument: --add-opens=java.rmi/sun.rmi.transport=ALL-UNNAMED
17-Oct-2025 14:59:12.920 INFO [main] org.apache.catalina.startup.VersionLoggerListener.log Command line argument: -Dcatalina.home=C:\apache-tomcat-11.0.9
17-Oct-2025 14:59:12.920 INFO [main] org.apache.catalina.startup.VersionLoggerListener.log Command line argument: -Dcatalina.base=C:\Users\aoasi\OneDrive - Instituto J&F\Casa\InterdisciplinarBack\ServletProjects\EmpresasCRUD3\servlet-igesta\.smarttomcat\servlet-igesta
17-Oct-2025 14:59:12.920 INFO [main] org.apache.catalina.startup.VersionLoggerListener.log Command line argument: -Djava.io.tmpdir=C:\Users\aoasi\OneDrive - Instituto J&F\Casa\InterdisciplinarBack\ServletProjects\EmpresasCRUD3\servlet-igesta\.smarttomcat\servlet-igesta\temp
17-Oct-2025 14:59:12.921 INFO [main] org.apache.catalina.startup.VersionLoggerListener.log Command line argument: -Djava.util.logging.config.file=C:\Users\aoasi\OneDrive - Instituto J&F\Casa\InterdisciplinarBack\ServletProjects\EmpresasCRUD3\servlet-igesta\.smarttomcat\servlet-igesta\conf\logging.properties
17-Oct-2025 14:59:12.921 INFO [main] org.apache.catalina.startup.VersionLoggerListener.log Command line argument: -Djava.util.logging.manager=org.apache.juli.ClassLoaderLogManager
17-Oct-2025 14:59:12.921 INFO [main] org.apache.catalina.startup.VersionLoggerListener.log Command line argument: -javaagent:C:\Program Files\JetBrains\IntelliJ IDEA 2024.3.3\lib\idea_rt.jar=55244:C:\Program Files\JetBrains\IntelliJ IDEA 2024.3.3\bin
17-Oct-2025 14:59:12.921 INFO [main] org.apache.catalina.startup.VersionLoggerListener.log Command line argument: -Dfile.encoding=UTF-8
17-Oct-2025 14:59:12.921 INFO [main] org.apache.catalina.startup.VersionLoggerListener.log Command line argument: -Dsun.stdout.encoding=UTF-8
17-Oct-2025 14:59:12.921 INFO [main] org.apache.catalina.startup.VersionLoggerListener.log Command line argument: -Dsun.stderr.encoding=UTF-8
17-Oct-2025 14:59:12.930 INFO [main] org.apache.catalina.core.AprLifecycleListener.lifecycleEvent The Apache Tomcat Native library which allows using OpenSSL was not found on the java.library.path: [C:\Users\aoasi\.jdks\openjdk-23.0.2\bin;C:\Windows\Sun\Java\bin;C:\Windows\system32;C:\Windows;C:\Program Files\Common Files\Oracle\Java\javapath;C:\Program Files\Eclipse Adoptium\jdk-21.0.8.9-hotspot\bin;C:\ProgramData\Oracle\Java\javapath;C:\Program Files (x86)\Common Files\Oracle\Java\java8path;C:\Windows\system32;C:\Windows;C:\Windows\System32\Wbem;C:\Windows\System32\WindowsPowerShell\v1.0\;C:\Windows\System32\OpenSSH\;C:\Program Files\Lua;C:\Program Files\dotnet\;C:\Windows\Microsoft.NET\Framework64\v4.0.30319;C:\Program Files\Docker\Docker\resources\bin;C:\Program Files\Git\cmd;C:\Windows\system32\config\systemprofile\AppData\Local\Muse Hub\lib;C:\Users\aoasi\.cargo\bin;C:\Users\aoasi\AppData\Local\Programs\Python\Launcher\;C:\Users\aoasi\AppData\Local\Microsoft\WindowsApps;C:\Users\aoasi\AppData\Local\Programs\Microsoft VS Code\bin;C:\Users\aoasi\AppData\Local\Muse Hub\lib;C:\Windows\Microsoft.NET\Framework64\v4.0.30319;C:\Users\aoasi\.dotnet\tools;C:\Program Files\JetBrains\IntelliJ IDEA 2024.3.3\bin;;.]
17-Oct-2025 14:59:13.370 INFO [main] org.apache.coyote.AbstractProtocol.init Initializing ProtocolHandler ["http-nio-8080"]
17-Oct-2025 14:59:13.395 INFO [main] org.apache.catalina.startup.Catalina.load Server initialization in [761] milliseconds
17-Oct-2025 14:59:13.465 INFO [main] org.apache.catalina.core.StandardService.startInternal Starting service [Catalina]
17-Oct-2025 14:59:13.466 INFO [main] org.apache.catalina.core.StandardEngine.startInternal Starting Servlet engine: [Apache Tomcat/11.0.9]
17-Oct-2025 14:59:13.487 INFO [main] org.apache.catalina.startup.HostConfig.deployDescriptor Deploying deployment descriptor [C:\Users\aoasi\OneDrive - Instituto J&F\Casa\InterdisciplinarBack\ServletProjects\EmpresasCRUD3\servlet-igesta\.smarttomcat\servlet-igesta\conf\Catalina\localhost\servlet-igesta.xml]
17-Oct-2025 14:59:14.369 INFO [main] org.apache.jasper.servlet.TldScanner.scanJars At least one JAR was scanned for TLDs yet contained no TLDs. Enable debug logging for this logger for a complete list of JARs that were scanned but no TLDs were found in them. Skipping unneeded JARs during scanning can improve startup time and JSP compilation time.
17-Oct-2025 14:59:14.424 INFO [main] org.apache.catalina.startup.HostConfig.deployDescriptor Deployment of deployment descriptor [C:\Users\aoasi\OneDrive - Instituto J&F\Casa\InterdisciplinarBack\ServletProjects\EmpresasCRUD3\servlet-igesta\.smarttomcat\servlet-igesta\conf\Catalina\localhost\servlet-igesta.xml] has finished in [935] ms
17-Oct-2025 14:59:14.430 INFO [main] org.apache.coyote.AbstractProtocol.start Starting ProtocolHandler ["http-nio-8080"]
17-Oct-2025 14:59:14.452 INFO [main] org.apache.catalina.startup.Catalina.start Server startup in [1055] milliseconds
17-Oct-2025 15:03:45.450 INFO [Thread-1] org.apache.coyote.AbstractProtocol.pause Pausing ProtocolHandler ["http-nio-8080"]
17-Oct-2025 15:03:45.453 INFO [Thread-1] org.apache.catalina.core.StandardService.stopInternal Stopping service [Catalina]
17-Oct-2025 15:03:45.459 WARNING [Thread-1] org.apache.catalina.loader.WebappClassLoaderBase.clearReferencesJdbc The web application [servlet-igesta] registered the JDBC driver [org.postgresql.Driver] but failed to unregister it when the web application was stopped. To prevent a memory leak, the JDBC Driver has been forcibly unregistered.
17-Oct-2025 15:03:45.464 INFO [Thread-1] org.apache.coyote.AbstractProtocol.stop Stopping ProtocolHandler ["http-nio-8080"]
17-Oct-2025 15:03:45.482 INFO [Thread-1] org.apache.coyote.AbstractProtocol.destroy Destroying ProtocolHandler ["http-nio-8080"]
17-Oct-2025 15:03:48.914 INFO [main] org.apache.catalina.startup.VersionLoggerListener.log Server version name:   Apache Tomcat/11.0.9
17-Oct-2025 15:03:48.920 INFO [main] org.apache.catalina.startup.VersionLoggerListener.log Server built:          Jul 1 2025 20:39:04 UTC
17-Oct-2025 15:03:48.920 INFO [main] org.apache.catalina.startup.VersionLoggerListener.log Server version number: 11.0.9.0
17-Oct-2025 15:03:48.920 INFO [main] org.apache.catalina.startup.VersionLoggerListener.log OS Name:               Windows 11
17-Oct-2025 15:03:48.920 INFO [main] org.apache.catalina.startup.VersionLoggerListener.log OS Version:            10.0
17-Oct-2025 15:03:48.920 INFO [main] org.apache.catalina.startup.VersionLoggerListener.log Architecture:          amd64
17-Oct-2025 15:03:48.920 INFO [main] org.apache.catalina.startup.VersionLoggerListener.log Java Home:             C:\Users\aoasi\.jdks\openjdk-23.0.2
17-Oct-2025 15:03:48.920 INFO [main] org.apache.catalina.startup.VersionLoggerListener.log JVM Version:           23.0.2+7-58
17-Oct-2025 15:03:48.920 INFO [main] org.apache.catalina.startup.VersionLoggerListener.log JVM Vendor:            Oracle Corporation
17-Oct-2025 15:03:48.921 INFO [main] org.apache.catalina.startup.VersionLoggerListener.log CATALINA_BASE:         C:\Users\aoasi\OneDrive - Instituto J&F\Casa\InterdisciplinarBack\ServletProjects\EmpresasCRUD3\servlet-igesta\.smarttomcat\servlet-igesta
17-Oct-2025 15:03:48.921 INFO [main] org.apache.catalina.startup.VersionLoggerListener.log CATALINA_HOME:         C:\apache-tomcat-11.0.9
17-Oct-2025 15:03:48.932 INFO [main] org.apache.catalina.startup.VersionLoggerListener.log Command line argument: --add-opens=java.base/java.lang=ALL-UNNAMED
17-Oct-2025 15:03:48.933 INFO [main] org.apache.catalina.startup.VersionLoggerListener.log Command line argument: --add-opens=java.base/java.io=ALL-UNNAMED
17-Oct-2025 15:03:48.933 INFO [main] org.apache.catalina.startup.VersionLoggerListener.log Command line argument: --add-opens=java.base/java.util=ALL-UNNAMED
17-Oct-2025 15:03:48.933 INFO [main] org.apache.catalina.startup.VersionLoggerListener.log Command line argument: --add-opens=java.base/java.util.concurrent=ALL-UNNAMED
17-Oct-2025 15:03:48.933 INFO [main] org.apache.catalina.startup.VersionLoggerListener.log Command line argument: --add-opens=java.rmi/sun.rmi.transport=ALL-UNNAMED
17-Oct-2025 15:03:48.933 INFO [main] org.apache.catalina.startup.VersionLoggerListener.log Command line argument: -Dcatalina.home=C:\apache-tomcat-11.0.9
17-Oct-2025 15:03:48.933 INFO [main] org.apache.catalina.startup.VersionLoggerListener.log Command line argument: -Dcatalina.base=C:\Users\aoasi\OneDrive - Instituto J&F\Casa\InterdisciplinarBack\ServletProjects\EmpresasCRUD3\servlet-igesta\.smarttomcat\servlet-igesta
17-Oct-2025 15:03:48.933 INFO [main] org.apache.catalina.startup.VersionLoggerListener.log Command line argument: -Djava.io.tmpdir=C:\Users\aoasi\OneDrive - Instituto J&F\Casa\InterdisciplinarBack\ServletProjects\EmpresasCRUD3\servlet-igesta\.smarttomcat\servlet-igesta\temp
17-Oct-2025 15:03:48.934 INFO [main] org.apache.catalina.startup.VersionLoggerListener.log Command line argument: -Djava.util.logging.config.file=C:\Users\aoasi\OneDrive - Instituto J&F\Casa\InterdisciplinarBack\ServletProjects\EmpresasCRUD3\servlet-igesta\.smarttomcat\servlet-igesta\conf\logging.properties
17-Oct-2025 15:03:48.934 INFO [main] org.apache.catalina.startup.VersionLoggerListener.log Command line argument: -Djava.util.logging.manager=org.apache.juli.ClassLoaderLogManager
17-Oct-2025 15:03:48.934 INFO [main] org.apache.catalina.startup.VersionLoggerListener.log Command line argument: -javaagent:C:\Program Files\JetBrains\IntelliJ IDEA 2024.3.3\lib\idea_rt.jar=57948:C:\Program Files\JetBrains\IntelliJ IDEA 2024.3.3\bin
17-Oct-2025 15:03:48.934 INFO [main] org.apache.catalina.startup.VersionLoggerListener.log Command line argument: -Dfile.encoding=UTF-8
17-Oct-2025 15:03:48.934 INFO [main] org.apache.catalina.startup.VersionLoggerListener.log Command line argument: -Dsun.stdout.encoding=UTF-8
17-Oct-2025 15:03:48.934 INFO [main] org.apache.catalina.startup.VersionLoggerListener.log Command line argument: -Dsun.stderr.encoding=UTF-8
17-Oct-2025 15:03:48.946 INFO [main] org.apache.catalina.core.AprLifecycleListener.lifecycleEvent The Apache Tomcat Native library which allows using OpenSSL was not found on the java.library.path: [C:\Users\aoasi\.jdks\openjdk-23.0.2\bin;C:\Windows\Sun\Java\bin;C:\Windows\system32;C:\Windows;C:\Program Files\Common Files\Oracle\Java\javapath;C:\Program Files\Eclipse Adoptium\jdk-21.0.8.9-hotspot\bin;C:\ProgramData\Oracle\Java\javapath;C:\Program Files (x86)\Common Files\Oracle\Java\java8path;C:\Windows\system32;C:\Windows;C:\Windows\System32\Wbem;C:\Windows\System32\WindowsPowerShell\v1.0\;C:\Windows\System32\OpenSSH\;C:\Program Files\Lua;C:\Program Files\dotnet\;C:\Windows\Microsoft.NET\Framework64\v4.0.30319;C:\Program Files\Docker\Docker\resources\bin;C:\Program Files\Git\cmd;C:\Windows\system32\config\systemprofile\AppData\Local\Muse Hub\lib;C:\Users\aoasi\.cargo\bin;C:\Users\aoasi\AppData\Local\Programs\Python\Launcher\;C:\Users\aoasi\AppData\Local\Microsoft\WindowsApps;C:\Users\aoasi\AppData\Local\Programs\Microsoft VS Code\bin;C:\Users\aoasi\AppData\Local\Muse Hub\lib;C:\Windows\Microsoft.NET\Framework64\v4.0.30319;C:\Users\aoasi\.dotnet\tools;C:\Program Files\JetBrains\IntelliJ IDEA 2024.3.3\bin;;.]
17-Oct-2025 15:03:49.461 INFO [main] org.apache.coyote.AbstractProtocol.init Initializing ProtocolHandler ["http-nio-8080"]
17-Oct-2025 15:03:49.490 INFO [main] org.apache.catalina.startup.Catalina.load Server initialization in [959] milliseconds
17-Oct-2025 15:03:49.580 INFO [main] org.apache.catalina.core.StandardService.startInternal Starting service [Catalina]
17-Oct-2025 15:03:49.580 INFO [main] org.apache.catalina.core.StandardEngine.startInternal Starting Servlet engine: [Apache Tomcat/11.0.9]
17-Oct-2025 15:03:49.605 INFO [main] org.apache.catalina.startup.HostConfig.deployDescriptor Deploying deployment descriptor [C:\Users\aoasi\OneDrive - Instituto J&F\Casa\InterdisciplinarBack\ServletProjects\EmpresasCRUD3\servlet-igesta\.smarttomcat\servlet-igesta\conf\Catalina\localhost\servlet-igesta.xml]
17-Oct-2025 15:03:50.583 INFO [main] org.apache.jasper.servlet.TldScanner.scanJars At least one JAR was scanned for TLDs yet contained no TLDs. Enable debug logging for this logger for a complete list of JARs that were scanned but no TLDs were found in them. Skipping unneeded JARs during scanning can improve startup time and JSP compilation time.
17-Oct-2025 15:03:50.639 INFO [main] org.apache.catalina.startup.HostConfig.deployDescriptor Deployment of deployment descriptor [C:\Users\aoasi\OneDrive - Instituto J&F\Casa\InterdisciplinarBack\ServletProjects\EmpresasCRUD3\servlet-igesta\.smarttomcat\servlet-igesta\conf\Catalina\localhost\servlet-igesta.xml] has finished in [1.032] ms
17-Oct-2025 15:03:50.644 INFO [main] org.apache.coyote.AbstractProtocol.start Starting ProtocolHandler ["http-nio-8080"]
17-Oct-2025 15:03:50.669 INFO [main] org.apache.catalina.startup.Catalina.start Server startup in [1175] milliseconds
17-Oct-2025 15:04:40.570 INFO [Thread-1] org.apache.coyote.AbstractProtocol.pause Pausing ProtocolHandler ["http-nio-8080"]
17-Oct-2025 15:04:40.573 INFO [Thread-1] org.apache.catalina.core.StandardService.stopInternal Stopping service [Catalina]
17-Oct-2025 15:04:40.580 WARNING [Thread-1] org.apache.catalina.loader.WebappClassLoaderBase.clearReferencesJdbc The web application [servlet-igesta] registered the JDBC driver [org.postgresql.Driver] but failed to unregister it when the web application was stopped. To prevent a memory leak, the JDBC Driver has been forcibly unregistered.
17-Oct-2025 15:04:40.585 INFO [Thread-1] org.apache.coyote.AbstractProtocol.stop Stopping ProtocolHandler ["http-nio-8080"]
17-Oct-2025 15:04:40.598 INFO [Thread-1] org.apache.coyote.AbstractProtocol.destroy Destroying ProtocolHandler ["http-nio-8080"]
17-Oct-2025 15:04:43.923 INFO [main] org.apache.catalina.startup.VersionLoggerListener.log Server version name:   Apache Tomcat/11.0.9
17-Oct-2025 15:04:43.927 INFO [main] org.apache.catalina.startup.VersionLoggerListener.log Server built:          Jul 1 2025 20:39:04 UTC
17-Oct-2025 15:04:43.927 INFO [main] org.apache.catalina.startup.VersionLoggerListener.log Server version number: 11.0.9.0
17-Oct-2025 15:04:43.927 INFO [main] org.apache.catalina.startup.VersionLoggerListener.log OS Name:               Windows 11
17-Oct-2025 15:04:43.927 INFO [main] org.apache.catalina.startup.VersionLoggerListener.log OS Version:            10.0
17-Oct-2025 15:04:43.927 INFO [main] org.apache.catalina.startup.VersionLoggerListener.log Architecture:          amd64
17-Oct-2025 15:04:43.928 INFO [main] org.apache.catalina.startup.VersionLoggerListener.log Java Home:             C:\Users\aoasi\.jdks\openjdk-23.0.2
17-Oct-2025 15:04:43.928 INFO [main] org.apache.catalina.startup.VersionLoggerListener.log JVM Version:           23.0.2+7-58
17-Oct-2025 15:04:43.928 INFO [main] org.apache.catalina.startup.VersionLoggerListener.log JVM Vendor:            Oracle Corporation
17-Oct-2025 15:04:43.928 INFO [main] org.apache.catalina.startup.VersionLoggerListener.log CATALINA_BASE:         C:\Users\aoasi\OneDrive - Instituto J&F\Casa\InterdisciplinarBack\ServletProjects\EmpresasCRUD3\servlet-igesta\.smarttomcat\servlet-igesta
17-Oct-2025 15:04:43.928 INFO [main] org.apache.catalina.startup.VersionLoggerListener.log CATALINA_HOME:         C:\apache-tomcat-11.0.9
17-Oct-2025 15:04:43.940 INFO [main] org.apache.catalina.startup.VersionLoggerListener.log Command line argument: --add-opens=java.base/java.lang=ALL-UNNAMED
17-Oct-2025 15:04:43.940 INFO [main] org.apache.catalina.startup.VersionLoggerListener.log Command line argument: --add-opens=java.base/java.io=ALL-UNNAMED
17-Oct-2025 15:04:43.940 INFO [main] org.apache.catalina.startup.VersionLoggerListener.log Command line argument: --add-opens=java.base/java.util=ALL-UNNAMED
17-Oct-2025 15:04:43.940 INFO [main] org.apache.catalina.startup.VersionLoggerListener.log Command line argument: --add-opens=java.base/java.util.concurrent=ALL-UNNAMED
17-Oct-2025 15:04:43.940 INFO [main] org.apache.catalina.startup.VersionLoggerListener.log Command line argument: --add-opens=java.rmi/sun.rmi.transport=ALL-UNNAMED
17-Oct-2025 15:04:43.940 INFO [main] org.apache.catalina.startup.VersionLoggerListener.log Command line argument: -Dcatalina.home=C:\apache-tomcat-11.0.9
17-Oct-2025 15:04:43.940 INFO [main] org.apache.catalina.startup.VersionLoggerListener.log Command line argument: -Dcatalina.base=C:\Users\aoasi\OneDrive - Instituto J&F\Casa\InterdisciplinarBack\ServletProjects\EmpresasCRUD3\servlet-igesta\.smarttomcat\servlet-igesta
17-Oct-2025 15:04:43.940 INFO [main] org.apache.catalina.startup.VersionLoggerListener.log Command line argument: -Djava.io.tmpdir=C:\Users\aoasi\OneDrive - Instituto J&F\Casa\InterdisciplinarBack\ServletProjects\EmpresasCRUD3\servlet-igesta\.smarttomcat\servlet-igesta\temp
17-Oct-2025 15:04:43.941 INFO [main] org.apache.catalina.startup.VersionLoggerListener.log Command line argument: -Djava.util.logging.config.file=C:\Users\aoasi\OneDrive - Instituto J&F\Casa\InterdisciplinarBack\ServletProjects\EmpresasCRUD3\servlet-igesta\.smarttomcat\servlet-igesta\conf\logging.properties
17-Oct-2025 15:04:43.941 INFO [main] org.apache.catalina.startup.VersionLoggerListener.log Command line argument: -Djava.util.logging.manager=org.apache.juli.ClassLoaderLogManager
17-Oct-2025 15:04:43.941 INFO [main] org.apache.catalina.startup.VersionLoggerListener.log Command line argument: -javaagent:C:\Program Files\JetBrains\IntelliJ IDEA 2024.3.3\lib\idea_rt.jar=54485:C:\Program Files\JetBrains\IntelliJ IDEA 2024.3.3\bin
17-Oct-2025 15:04:43.941 INFO [main] org.apache.catalina.startup.VersionLoggerListener.log Command line argument: -Dfile.encoding=UTF-8
17-Oct-2025 15:04:43.941 INFO [main] org.apache.catalina.startup.VersionLoggerListener.log Command line argument: -Dsun.stdout.encoding=UTF-8
17-Oct-2025 15:04:43.941 INFO [main] org.apache.catalina.startup.VersionLoggerListener.log Command line argument: -Dsun.stderr.encoding=UTF-8
17-Oct-2025 15:04:43.950 INFO [main] org.apache.catalina.core.AprLifecycleListener.lifecycleEvent The Apache Tomcat Native library which allows using OpenSSL was not found on the java.library.path: [C:\Users\aoasi\.jdks\openjdk-23.0.2\bin;C:\Windows\Sun\Java\bin;C:\Windows\system32;C:\Windows;C:\Program Files\Common Files\Oracle\Java\javapath;C:\Program Files\Eclipse Adoptium\jdk-21.0.8.9-hotspot\bin;C:\ProgramData\Oracle\Java\javapath;C:\Program Files (x86)\Common Files\Oracle\Java\java8path;C:\Windows\system32;C:\Windows;C:\Windows\System32\Wbem;C:\Windows\System32\WindowsPowerShell\v1.0\;C:\Windows\System32\OpenSSH\;C:\Program Files\Lua;C:\Program Files\dotnet\;C:\Windows\Microsoft.NET\Framework64\v4.0.30319;C:\Program Files\Docker\Docker\resources\bin;C:\Program Files\Git\cmd;C:\Windows\system32\config\systemprofile\AppData\Local\Muse Hub\lib;C:\Users\aoasi\.cargo\bin;C:\Users\aoasi\AppData\Local\Programs\Python\Launcher\;C:\Users\aoasi\AppData\Local\Microsoft\WindowsApps;C:\Users\aoasi\AppData\Local\Programs\Microsoft VS Code\bin;C:\Users\aoasi\AppData\Local\Muse Hub\lib;C:\Windows\Microsoft.NET\Framework64\v4.0.30319;C:\Users\aoasi\.dotnet\tools;C:\Program Files\JetBrains\IntelliJ IDEA 2024.3.3\bin;;.]
17-Oct-2025 15:04:44.347 INFO [main] org.apache.coyote.AbstractProtocol.init Initializing ProtocolHandler ["http-nio-8080"]
17-Oct-2025 15:04:44.370 INFO [main] org.apache.catalina.startup.Catalina.load Server initialization in [734] milliseconds
17-Oct-2025 15:04:44.443 INFO [main] org.apache.catalina.core.StandardService.startInternal Starting service [Catalina]
17-Oct-2025 15:04:44.444 INFO [main] org.apache.catalina.core.StandardEngine.startInternal Starting Servlet engine: [Apache Tomcat/11.0.9]
17-Oct-2025 15:04:44.465 INFO [main] org.apache.catalina.startup.HostConfig.deployDescriptor Deploying deployment descriptor [C:\Users\aoasi\OneDrive - Instituto J&F\Casa\InterdisciplinarBack\ServletProjects\EmpresasCRUD3\servlet-igesta\.smarttomcat\servlet-igesta\conf\Catalina\localhost\servlet-igesta.xml]
17-Oct-2025 15:04:45.582 INFO [main] org.apache.jasper.servlet.TldScanner.scanJars At least one JAR was scanned for TLDs yet contained no TLDs. Enable debug logging for this logger for a complete list of JARs that were scanned but no TLDs were found in them. Skipping unneeded JARs during scanning can improve startup time and JSP compilation time.
17-Oct-2025 15:04:45.657 INFO [main] org.apache.catalina.startup.HostConfig.deployDescriptor Deployment of deployment descriptor [C:\Users\aoasi\OneDrive - Instituto J&F\Casa\InterdisciplinarBack\ServletProjects\EmpresasCRUD3\servlet-igesta\.smarttomcat\servlet-igesta\conf\Catalina\localhost\servlet-igesta.xml] has finished in [1.189] ms
17-Oct-2025 15:04:45.662 INFO [main] org.apache.coyote.AbstractProtocol.start Starting ProtocolHandler ["http-nio-8080"]
17-Oct-2025 15:04:45.689 INFO [main] org.apache.catalina.startup.Catalina.start Server startup in [1317] milliseconds
17-Oct-2025 15:06:31.463 INFO [Thread-1] org.apache.coyote.AbstractProtocol.pause Pausing ProtocolHandler ["http-nio-8080"]
17-Oct-2025 15:06:31.466 INFO [Thread-1] org.apache.catalina.core.StandardService.stopInternal Stopping service [Catalina]
17-Oct-2025 15:06:31.475 WARNING [Thread-1] org.apache.catalina.loader.WebappClassLoaderBase.clearReferencesJdbc The web application [servlet-igesta] registered the JDBC driver [org.postgresql.Driver] but failed to unregister it when the web application was stopped. To prevent a memory leak, the JDBC Driver has been forcibly unregistered.
17-Oct-2025 15:06:31.480 INFO [Thread-1] org.apache.coyote.AbstractProtocol.stop Stopping ProtocolHandler ["http-nio-8080"]
17-Oct-2025 15:06:31.503 INFO [Thread-1] org.apache.coyote.AbstractProtocol.destroy Destroying ProtocolHandler ["http-nio-8080"]
17-Oct-2025 15:06:34.754 INFO [main] org.apache.catalina.startup.VersionLoggerListener.log Server version name:   Apache Tomcat/11.0.9
17-Oct-2025 15:06:34.760 INFO [main] org.apache.catalina.startup.VersionLoggerListener.log Server built:          Jul 1 2025 20:39:04 UTC
17-Oct-2025 15:06:34.760 INFO [main] org.apache.catalina.startup.VersionLoggerListener.log Server version number: 11.0.9.0
17-Oct-2025 15:06:34.760 INFO [main] org.apache.catalina.startup.VersionLoggerListener.log OS Name:               Windows 11
17-Oct-2025 15:06:34.760 INFO [main] org.apache.catalina.startup.VersionLoggerListener.log OS Version:            10.0
17-Oct-2025 15:06:34.760 INFO [main] org.apache.catalina.startup.VersionLoggerListener.log Architecture:          amd64
17-Oct-2025 15:06:34.760 INFO [main] org.apache.catalina.startup.VersionLoggerListener.log Java Home:             C:\Users\aoasi\.jdks\openjdk-23.0.2
17-Oct-2025 15:06:34.761 INFO [main] org.apache.catalina.startup.VersionLoggerListener.log JVM Version:           23.0.2+7-58
17-Oct-2025 15:06:34.761 INFO [main] org.apache.catalina.startup.VersionLoggerListener.log JVM Vendor:            Oracle Corporation
17-Oct-2025 15:06:34.761 INFO [main] org.apache.catalina.startup.VersionLoggerListener.log CATALINA_BASE:         C:\Users\aoasi\OneDrive - Instituto J&F\Casa\InterdisciplinarBack\ServletProjects\EmpresasCRUD3\servlet-igesta\.smarttomcat\servlet-igesta
17-Oct-2025 15:06:34.761 INFO [main] org.apache.catalina.startup.VersionLoggerListener.log CATALINA_HOME:         C:\apache-tomcat-11.0.9
17-Oct-2025 15:06:34.774 INFO [main] org.apache.catalina.startup.VersionLoggerListener.log Command line argument: --add-opens=java.base/java.lang=ALL-UNNAMED
17-Oct-2025 15:06:34.774 INFO [main] org.apache.catalina.startup.VersionLoggerListener.log Command line argument: --add-opens=java.base/java.io=ALL-UNNAMED
17-Oct-2025 15:06:34.774 INFO [main] org.apache.catalina.startup.VersionLoggerListener.log Command line argument: --add-opens=java.base/java.util=ALL-UNNAMED
17-Oct-2025 15:06:34.774 INFO [main] org.apache.catalina.startup.VersionLoggerListener.log Command line argument: --add-opens=java.base/java.util.concurrent=ALL-UNNAMED
17-Oct-2025 15:06:34.775 INFO [main] org.apache.catalina.startup.VersionLoggerListener.log Command line argument: --add-opens=java.rmi/sun.rmi.transport=ALL-UNNAMED
17-Oct-2025 15:06:34.775 INFO [main] org.apache.catalina.startup.VersionLoggerListener.log Command line argument: -Dcatalina.home=C:\apache-tomcat-11.0.9
17-Oct-2025 15:06:34.775 INFO [main] org.apache.catalina.startup.VersionLoggerListener.log Command line argument: -Dcatalina.base=C:\Users\aoasi\OneDrive - Instituto J&F\Casa\InterdisciplinarBack\ServletProjects\EmpresasCRUD3\servlet-igesta\.smarttomcat\servlet-igesta
17-Oct-2025 15:06:34.775 INFO [main] org.apache.catalina.startup.VersionLoggerListener.log Command line argument: -Djava.io.tmpdir=C:\Users\aoasi\OneDrive - Instituto J&F\Casa\InterdisciplinarBack\ServletProjects\EmpresasCRUD3\servlet-igesta\.smarttomcat\servlet-igesta\temp
17-Oct-2025 15:06:34.775 INFO [main] org.apache.catalina.startup.VersionLoggerListener.log Command line argument: -Djava.util.logging.config.file=C:\Users\aoasi\OneDrive - Instituto J&F\Casa\InterdisciplinarBack\ServletProjects\EmpresasCRUD3\servlet-igesta\.smarttomcat\servlet-igesta\conf\logging.properties
17-Oct-2025 15:06:34.775 INFO [main] org.apache.catalina.startup.VersionLoggerListener.log Command line argument: -Djava.util.logging.manager=org.apache.juli.ClassLoaderLogManager
17-Oct-2025 15:06:34.775 INFO [main] org.apache.catalina.startup.VersionLoggerListener.log Command line argument: -javaagent:C:\Program Files\JetBrains\IntelliJ IDEA 2024.3.3\lib\idea_rt.jar=51543:C:\Program Files\JetBrains\IntelliJ IDEA 2024.3.3\bin
17-Oct-2025 15:06:34.775 INFO [main] org.apache.catalina.startup.VersionLoggerListener.log Command line argument: -Dfile.encoding=UTF-8
17-Oct-2025 15:06:34.775 INFO [main] org.apache.catalina.startup.VersionLoggerListener.log Command line argument: -Dsun.stdout.encoding=UTF-8
17-Oct-2025 15:06:34.775 INFO [main] org.apache.catalina.startup.VersionLoggerListener.log Command line argument: -Dsun.stderr.encoding=UTF-8
17-Oct-2025 15:06:34.788 INFO [main] org.apache.catalina.core.AprLifecycleListener.lifecycleEvent The Apache Tomcat Native library which allows using OpenSSL was not found on the java.library.path: [C:\Users\aoasi\.jdks\openjdk-23.0.2\bin;C:\Windows\Sun\Java\bin;C:\Windows\system32;C:\Windows;C:\Program Files\Common Files\Oracle\Java\javapath;C:\Program Files\Eclipse Adoptium\jdk-21.0.8.9-hotspot\bin;C:\ProgramData\Oracle\Java\javapath;C:\Program Files (x86)\Common Files\Oracle\Java\java8path;C:\Windows\system32;C:\Windows;C:\Windows\System32\Wbem;C:\Windows\System32\WindowsPowerShell\v1.0\;C:\Windows\System32\OpenSSH\;C:\Program Files\Lua;C:\Program Files\dotnet\;C:\Windows\Microsoft.NET\Framework64\v4.0.30319;C:\Program Files\Docker\Docker\resources\bin;C:\Program Files\Git\cmd;C:\Windows\system32\config\systemprofile\AppData\Local\Muse Hub\lib;C:\Users\aoasi\.cargo\bin;C:\Users\aoasi\AppData\Local\Programs\Python\Launcher\;C:\Users\aoasi\AppData\Local\Microsoft\WindowsApps;C:\Users\aoasi\AppData\Local\Programs\Microsoft VS Code\bin;C:\Users\aoasi\AppData\Local\Muse Hub\lib;C:\Windows\Microsoft.NET\Framework64\v4.0.30319;C:\Users\aoasi\.dotnet\tools;C:\Program Files\JetBrains\IntelliJ IDEA 2024.3.3\bin;;.]
17-Oct-2025 15:06:35.185 INFO [main] org.apache.coyote.AbstractProtocol.init Initializing ProtocolHandler ["http-nio-8080"]
17-Oct-2025 15:06:35.203 INFO [main] org.apache.catalina.startup.Catalina.load Server initialization in [823] milliseconds
17-Oct-2025 15:06:35.273 INFO [main] org.apache.catalina.core.StandardService.startInternal Starting service [Catalina]
17-Oct-2025 15:06:35.273 INFO [main] org.apache.catalina.core.StandardEngine.startInternal Starting Servlet engine: [Apache Tomcat/11.0.9]
17-Oct-2025 15:06:35.294 INFO [main] org.apache.catalina.startup.HostConfig.deployDescriptor Deploying deployment descriptor [C:\Users\aoasi\OneDrive - Instituto J&F\Casa\InterdisciplinarBack\ServletProjects\EmpresasCRUD3\servlet-igesta\.smarttomcat\servlet-igesta\conf\Catalina\localhost\servlet-igesta.xml]
17-Oct-2025 15:06:36.179 INFO [main] org.apache.jasper.servlet.TldScanner.scanJars At least one JAR was scanned for TLDs yet contained no TLDs. Enable debug logging for this logger for a complete list of JARs that were scanned but no TLDs were found in them. Skipping unneeded JARs during scanning can improve startup time and JSP compilation time.
17-Oct-2025 15:06:36.236 INFO [main] org.apache.catalina.startup.HostConfig.deployDescriptor Deployment of deployment descriptor [C:\Users\aoasi\OneDrive - Instituto J&F\Casa\InterdisciplinarBack\ServletProjects\EmpresasCRUD3\servlet-igesta\.smarttomcat\servlet-igesta\conf\Catalina\localhost\servlet-igesta.xml] has finished in [941] ms
17-Oct-2025 15:06:36.241 INFO [main] org.apache.coyote.AbstractProtocol.start Starting ProtocolHandler ["http-nio-8080"]
17-Oct-2025 15:06:36.263 INFO [main] org.apache.catalina.startup.Catalina.start Server startup in [1058] milliseconds
17-Oct-2025 15:08:13.253 INFO [Thread-1] org.apache.coyote.AbstractProtocol.pause Pausing ProtocolHandler ["http-nio-8080"]
17-Oct-2025 15:08:13.256 INFO [Thread-1] org.apache.catalina.core.StandardService.stopInternal Stopping service [Catalina]
17-Oct-2025 15:08:13.264 WARNING [Thread-1] org.apache.catalina.loader.WebappClassLoaderBase.clearReferencesJdbc The web application [servlet-igesta] registered the JDBC driver [org.postgresql.Driver] but failed to unregister it when the web application was stopped. To prevent a memory leak, the JDBC Driver has been forcibly unregistered.
17-Oct-2025 15:08:13.269 INFO [Thread-1] org.apache.coyote.AbstractProtocol.stop Stopping ProtocolHandler ["http-nio-8080"]
17-Oct-2025 15:08:13.281 INFO [Thread-1] org.apache.coyote.AbstractProtocol.destroy Destroying ProtocolHandler ["http-nio-8080"]
17-Oct-2025 15:08:16.755 INFO [main] org.apache.catalina.startup.VersionLoggerListener.log Server version name:   Apache Tomcat/11.0.9
17-Oct-2025 15:08:16.763 INFO [main] org.apache.catalina.startup.VersionLoggerListener.log Server built:          Jul 1 2025 20:39:04 UTC
17-Oct-2025 15:08:16.763 INFO [main] org.apache.catalina.startup.VersionLoggerListener.log Server version number: 11.0.9.0
17-Oct-2025 15:08:16.763 INFO [main] org.apache.catalina.startup.VersionLoggerListener.log OS Name:               Windows 11
17-Oct-2025 15:08:16.763 INFO [main] org.apache.catalina.startup.VersionLoggerListener.log OS Version:            10.0
17-Oct-2025 15:08:16.763 INFO [main] org.apache.catalina.startup.VersionLoggerListener.log Architecture:          amd64
17-Oct-2025 15:08:16.763 INFO [main] org.apache.catalina.startup.VersionLoggerListener.log Java Home:             C:\Users\aoasi\.jdks\openjdk-23.0.2
17-Oct-2025 15:08:16.763 INFO [main] org.apache.catalina.startup.VersionLoggerListener.log JVM Version:           23.0.2+7-58
17-Oct-2025 15:08:16.763 INFO [main] org.apache.catalina.startup.VersionLoggerListener.log JVM Vendor:            Oracle Corporation
17-Oct-2025 15:08:16.763 INFO [main] org.apache.catalina.startup.VersionLoggerListener.log CATALINA_BASE:         C:\Users\aoasi\OneDrive - Instituto J&F\Casa\InterdisciplinarBack\ServletProjects\EmpresasCRUD3\servlet-igesta\.smarttomcat\servlet-igesta
17-Oct-2025 15:08:16.763 INFO [main] org.apache.catalina.startup.VersionLoggerListener.log CATALINA_HOME:         C:\apache-tomcat-11.0.9
17-Oct-2025 15:08:16.775 INFO [main] org.apache.catalina.startup.VersionLoggerListener.log Command line argument: --add-opens=java.base/java.lang=ALL-UNNAMED
17-Oct-2025 15:08:16.775 INFO [main] org.apache.catalina.startup.VersionLoggerListener.log Command line argument: --add-opens=java.base/java.io=ALL-UNNAMED
17-Oct-2025 15:08:16.775 INFO [main] org.apache.catalina.startup.VersionLoggerListener.log Command line argument: --add-opens=java.base/java.util=ALL-UNNAMED
17-Oct-2025 15:08:16.775 INFO [main] org.apache.catalina.startup.VersionLoggerListener.log Command line argument: --add-opens=java.base/java.util.concurrent=ALL-UNNAMED
17-Oct-2025 15:08:16.775 INFO [main] org.apache.catalina.startup.VersionLoggerListener.log Command line argument: --add-opens=java.rmi/sun.rmi.transport=ALL-UNNAMED
17-Oct-2025 15:08:16.775 INFO [main] org.apache.catalina.startup.VersionLoggerListener.log Command line argument: -Dcatalina.home=C:\apache-tomcat-11.0.9
17-Oct-2025 15:08:16.775 INFO [main] org.apache.catalina.startup.VersionLoggerListener.log Command line argument: -Dcatalina.base=C:\Users\aoasi\OneDrive - Instituto J&F\Casa\InterdisciplinarBack\ServletProjects\EmpresasCRUD3\servlet-igesta\.smarttomcat\servlet-igesta
17-Oct-2025 15:08:16.775 INFO [main] org.apache.catalina.startup.VersionLoggerListener.log Command line argument: -Djava.io.tmpdir=C:\Users\aoasi\OneDrive - Instituto J&F\Casa\InterdisciplinarBack\ServletProjects\EmpresasCRUD3\servlet-igesta\.smarttomcat\servlet-igesta\temp
17-Oct-2025 15:08:16.775 INFO [main] org.apache.catalina.startup.VersionLoggerListener.log Command line argument: -Djava.util.logging.config.file=C:\Users\aoasi\OneDrive - Instituto J&F\Casa\InterdisciplinarBack\ServletProjects\EmpresasCRUD3\servlet-igesta\.smarttomcat\servlet-igesta\conf\logging.properties
17-Oct-2025 15:08:16.776 INFO [main] org.apache.catalina.startup.VersionLoggerListener.log Command line argument: -Djava.util.logging.manager=org.apache.juli.ClassLoaderLogManager
17-Oct-2025 15:08:16.776 INFO [main] org.apache.catalina.startup.VersionLoggerListener.log Command line argument: -javaagent:C:\Program Files\JetBrains\IntelliJ IDEA 2024.3.3\lib\idea_rt.jar=58273:C:\Program Files\JetBrains\IntelliJ IDEA 2024.3.3\bin
17-Oct-2025 15:08:16.776 INFO [main] org.apache.catalina.startup.VersionLoggerListener.log Command line argument: -Dfile.encoding=UTF-8
17-Oct-2025 15:08:16.776 INFO [main] org.apache.catalina.startup.VersionLoggerListener.log Command line argument: -Dsun.stdout.encoding=UTF-8
17-Oct-2025 15:08:16.776 INFO [main] org.apache.catalina.startup.VersionLoggerListener.log Command line argument: -Dsun.stderr.encoding=UTF-8
17-Oct-2025 15:08:16.785 INFO [main] org.apache.catalina.core.AprLifecycleListener.lifecycleEvent The Apache Tomcat Native library which allows using OpenSSL was not found on the java.library.path: [C:\Users\aoasi\.jdks\openjdk-23.0.2\bin;C:\Windows\Sun\Java\bin;C:\Windows\system32;C:\Windows;C:\Program Files\Common Files\Oracle\Java\javapath;C:\Program Files\Eclipse Adoptium\jdk-21.0.8.9-hotspot\bin;C:\ProgramData\Oracle\Java\javapath;C:\Program Files (x86)\Common Files\Oracle\Java\java8path;C:\Windows\system32;C:\Windows;C:\Windows\System32\Wbem;C:\Windows\System32\WindowsPowerShell\v1.0\;C:\Windows\System32\OpenSSH\;C:\Program Files\Lua;C:\Program Files\dotnet\;C:\Windows\Microsoft.NET\Framework64\v4.0.30319;C:\Program Files\Docker\Docker\resources\bin;C:\Program Files\Git\cmd;C:\Windows\system32\config\systemprofile\AppData\Local\Muse Hub\lib;C:\Users\aoasi\.cargo\bin;C:\Users\aoasi\AppData\Local\Programs\Python\Launcher\;C:\Users\aoasi\AppData\Local\Microsoft\WindowsApps;C:\Users\aoasi\AppData\Local\Programs\Microsoft VS Code\bin;C:\Users\aoasi\AppData\Local\Muse Hub\lib;C:\Windows\Microsoft.NET\Framework64\v4.0.30319;C:\Users\aoasi\.dotnet\tools;C:\Program Files\JetBrains\IntelliJ IDEA 2024.3.3\bin;;.]
17-Oct-2025 15:08:17.353 INFO [main] org.apache.coyote.AbstractProtocol.init Initializing ProtocolHandler ["http-nio-8080"]
17-Oct-2025 15:08:17.390 INFO [main] org.apache.catalina.startup.Catalina.load Server initialization in [923] milliseconds
17-Oct-2025 15:08:17.475 INFO [main] org.apache.catalina.core.StandardService.startInternal Starting service [Catalina]
17-Oct-2025 15:08:17.475 INFO [main] org.apache.catalina.core.StandardEngine.startInternal Starting Servlet engine: [Apache Tomcat/11.0.9]
17-Oct-2025 15:08:17.497 INFO [main] org.apache.catalina.startup.HostConfig.deployDescriptor Deploying deployment descriptor [C:\Users\aoasi\OneDrive - Instituto J&F\Casa\InterdisciplinarBack\ServletProjects\EmpresasCRUD3\servlet-igesta\.smarttomcat\servlet-igesta\conf\Catalina\localhost\servlet-igesta.xml]
17-Oct-2025 15:08:18.446 INFO [main] org.apache.jasper.servlet.TldScanner.scanJars At least one JAR was scanned for TLDs yet contained no TLDs. Enable debug logging for this logger for a complete list of JARs that were scanned but no TLDs were found in them. Skipping unneeded JARs during scanning can improve startup time and JSP compilation time.
17-Oct-2025 15:08:18.499 INFO [main] org.apache.catalina.startup.HostConfig.deployDescriptor Deployment of deployment descriptor [C:\Users\aoasi\OneDrive - Instituto J&F\Casa\InterdisciplinarBack\ServletProjects\EmpresasCRUD3\servlet-igesta\.smarttomcat\servlet-igesta\conf\Catalina\localhost\servlet-igesta.xml] has finished in [1.000] ms
17-Oct-2025 15:08:18.506 INFO [main] org.apache.coyote.AbstractProtocol.start Starting ProtocolHandler ["http-nio-8080"]
17-Oct-2025 15:08:18.530 INFO [main] org.apache.catalina.startup.Catalina.start Server startup in [1138] milliseconds
17-Oct-2025 15:12:23.851 INFO [Thread-1] org.apache.coyote.AbstractProtocol.pause Pausing ProtocolHandler ["http-nio-8080"]
17-Oct-2025 15:12:23.854 INFO [Thread-1] org.apache.catalina.core.StandardService.stopInternal Stopping service [Catalina]
17-Oct-2025 15:12:23.860 WARNING [Thread-1] org.apache.catalina.loader.WebappClassLoaderBase.clearReferencesJdbc The web application [servlet-igesta] registered the JDBC driver [org.postgresql.Driver] but failed to unregister it when the web application was stopped. To prevent a memory leak, the JDBC Driver has been forcibly unregistered.
17-Oct-2025 15:12:23.866 INFO [Thread-1] org.apache.coyote.AbstractProtocol.stop Stopping ProtocolHandler ["http-nio-8080"]
17-Oct-2025 15:12:23.893 INFO [Thread-1] org.apache.coyote.AbstractProtocol.destroy Destroying ProtocolHandler ["http-nio-8080"]
17-Oct-2025 15:12:27.100 INFO [main] org.apache.catalina.startup.VersionLoggerListener.log Server version name:   Apache Tomcat/11.0.9
17-Oct-2025 15:12:27.109 INFO [main] org.apache.catalina.startup.VersionLoggerListener.log Server built:          Jul 1 2025 20:39:04 UTC
17-Oct-2025 15:12:27.110 INFO [main] org.apache.catalina.startup.VersionLoggerListener.log Server version number: 11.0.9.0
17-Oct-2025 15:12:27.110 INFO [main] org.apache.catalina.startup.VersionLoggerListener.log OS Name:               Windows 11
17-Oct-2025 15:12:27.110 INFO [main] org.apache.catalina.startup.VersionLoggerListener.log OS Version:            10.0
17-Oct-2025 15:12:27.111 INFO [main] org.apache.catalina.startup.VersionLoggerListener.log Architecture:          amd64
17-Oct-2025 15:12:27.111 INFO [main] org.apache.catalina.startup.VersionLoggerListener.log Java Home:             C:\Users\aoasi\.jdks\openjdk-23.0.2
17-Oct-2025 15:12:27.111 INFO [main] org.apache.catalina.startup.VersionLoggerListener.log JVM Version:           23.0.2+7-58
17-Oct-2025 15:12:27.111 INFO [main] org.apache.catalina.startup.VersionLoggerListener.log JVM Vendor:            Oracle Corporation
17-Oct-2025 15:12:27.112 INFO [main] org.apache.catalina.startup.VersionLoggerListener.log CATALINA_BASE:         C:\Users\aoasi\OneDrive - Instituto J&F\Casa\InterdisciplinarBack\ServletProjects\EmpresasCRUD3\servlet-igesta\.smarttomcat\servlet-igesta
17-Oct-2025 15:12:27.112 INFO [main] org.apache.catalina.startup.VersionLoggerListener.log CATALINA_HOME:         C:\apache-tomcat-11.0.9
17-Oct-2025 15:12:27.127 INFO [main] org.apache.catalina.startup.VersionLoggerListener.log Command line argument: --add-opens=java.base/java.lang=ALL-UNNAMED
17-Oct-2025 15:12:27.127 INFO [main] org.apache.catalina.startup.VersionLoggerListener.log Command line argument: --add-opens=java.base/java.io=ALL-UNNAMED
17-Oct-2025 15:12:27.127 INFO [main] org.apache.catalina.startup.VersionLoggerListener.log Command line argument: --add-opens=java.base/java.util=ALL-UNNAMED
17-Oct-2025 15:12:27.127 INFO [main] org.apache.catalina.startup.VersionLoggerListener.log Command line argument: --add-opens=java.base/java.util.concurrent=ALL-UNNAMED
17-Oct-2025 15:12:27.127 INFO [main] org.apache.catalina.startup.VersionLoggerListener.log Command line argument: --add-opens=java.rmi/sun.rmi.transport=ALL-UNNAMED
17-Oct-2025 15:12:27.128 INFO [main] org.apache.catalina.startup.VersionLoggerListener.log Command line argument: -Dcatalina.home=C:\apache-tomcat-11.0.9
17-Oct-2025 15:12:27.128 INFO [main] org.apache.catalina.startup.VersionLoggerListener.log Command line argument: -Dcatalina.base=C:\Users\aoasi\OneDrive - Instituto J&F\Casa\InterdisciplinarBack\ServletProjects\EmpresasCRUD3\servlet-igesta\.smarttomcat\servlet-igesta
17-Oct-2025 15:12:27.128 INFO [main] org.apache.catalina.startup.VersionLoggerListener.log Command line argument: -Djava.io.tmpdir=C:\Users\aoasi\OneDrive - Instituto J&F\Casa\InterdisciplinarBack\ServletProjects\EmpresasCRUD3\servlet-igesta\.smarttomcat\servlet-igesta\temp
17-Oct-2025 15:12:27.128 INFO [main] org.apache.catalina.startup.VersionLoggerListener.log Command line argument: -Djava.util.logging.config.file=C:\Users\aoasi\OneDrive - Instituto J&F\Casa\InterdisciplinarBack\ServletProjects\EmpresasCRUD3\servlet-igesta\.smarttomcat\servlet-igesta\conf\logging.properties
17-Oct-2025 15:12:27.128 INFO [main] org.apache.catalina.startup.VersionLoggerListener.log Command line argument: -Djava.util.logging.manager=org.apache.juli.ClassLoaderLogManager
17-Oct-2025 15:12:27.128 INFO [main] org.apache.catalina.startup.VersionLoggerListener.log Command line argument: -javaagent:C:\Program Files\JetBrains\IntelliJ IDEA 2024.3.3\lib\idea_rt.jar=53181:C:\Program Files\JetBrains\IntelliJ IDEA 2024.3.3\bin
17-Oct-2025 15:12:27.128 INFO [main] org.apache.catalina.startup.VersionLoggerListener.log Command line argument: -Dfile.encoding=UTF-8
17-Oct-2025 15:12:27.128 INFO [main] org.apache.catalina.startup.VersionLoggerListener.log Command line argument: -Dsun.stdout.encoding=UTF-8
17-Oct-2025 15:12:27.129 INFO [main] org.apache.catalina.startup.VersionLoggerListener.log Command line argument: -Dsun.stderr.encoding=UTF-8
17-Oct-2025 15:12:27.141 INFO [main] org.apache.catalina.core.AprLifecycleListener.lifecycleEvent The Apache Tomcat Native library which allows using OpenSSL was not found on the java.library.path: [C:\Users\aoasi\.jdks\openjdk-23.0.2\bin;C:\Windows\Sun\Java\bin;C:\Windows\system32;C:\Windows;C:\Program Files\Common Files\Oracle\Java\javapath;C:\Program Files\Eclipse Adoptium\jdk-21.0.8.9-hotspot\bin;C:\ProgramData\Oracle\Java\javapath;C:\Program Files (x86)\Common Files\Oracle\Java\java8path;C:\Windows\system32;C:\Windows;C:\Windows\System32\Wbem;C:\Windows\System32\WindowsPowerShell\v1.0\;C:\Windows\System32\OpenSSH\;C:\Program Files\Lua;C:\Program Files\dotnet\;C:\Windows\Microsoft.NET\Framework64\v4.0.30319;C:\Program Files\Docker\Docker\resources\bin;C:\Program Files\Git\cmd;C:\Windows\system32\config\systemprofile\AppData\Local\Muse Hub\lib;C:\Users\aoasi\.cargo\bin;C:\Users\aoasi\AppData\Local\Programs\Python\Launcher\;C:\Users\aoasi\AppData\Local\Microsoft\WindowsApps;C:\Users\aoasi\AppData\Local\Programs\Microsoft VS Code\bin;C:\Users\aoasi\AppData\Local\Muse Hub\lib;C:\Windows\Microsoft.NET\Framework64\v4.0.30319;C:\Users\aoasi\.dotnet\tools;C:\Program Files\JetBrains\IntelliJ IDEA 2024.3.3\bin;;.]
17-Oct-2025 15:12:27.570 INFO [main] org.apache.coyote.AbstractProtocol.init Initializing ProtocolHandler ["http-nio-8080"]
17-Oct-2025 15:12:27.592 INFO [main] org.apache.catalina.startup.Catalina.load Server initialization in [815] milliseconds
17-Oct-2025 15:12:27.668 INFO [main] org.apache.catalina.core.StandardService.startInternal Starting service [Catalina]
17-Oct-2025 15:12:27.669 INFO [main] org.apache.catalina.core.StandardEngine.startInternal Starting Servlet engine: [Apache Tomcat/11.0.9]
17-Oct-2025 15:12:27.691 INFO [main] org.apache.catalina.startup.HostConfig.deployDescriptor Deploying deployment descriptor [C:\Users\aoasi\OneDrive - Instituto J&F\Casa\InterdisciplinarBack\ServletProjects\EmpresasCRUD3\servlet-igesta\.smarttomcat\servlet-igesta\conf\Catalina\localhost\servlet-igesta.xml]
17-Oct-2025 15:12:28.859 INFO [main] org.apache.jasper.servlet.TldScanner.scanJars At least one JAR was scanned for TLDs yet contained no TLDs. Enable debug logging for this logger for a complete list of JARs that were scanned but no TLDs were found in them. Skipping unneeded JARs during scanning can improve startup time and JSP compilation time.
17-Oct-2025 15:12:28.927 INFO [main] org.apache.catalina.startup.HostConfig.deployDescriptor Deployment of deployment descriptor [C:\Users\aoasi\OneDrive - Instituto J&F\Casa\InterdisciplinarBack\ServletProjects\EmpresasCRUD3\servlet-igesta\.smarttomcat\servlet-igesta\conf\Catalina\localhost\servlet-igesta.xml] has finished in [1.233] ms
17-Oct-2025 15:12:28.934 INFO [main] org.apache.coyote.AbstractProtocol.start Starting ProtocolHandler ["http-nio-8080"]
17-Oct-2025 15:12:28.962 INFO [main] org.apache.catalina.startup.Catalina.start Server startup in [1367] milliseconds
17-Oct-2025 15:15:12.137 INFO [Thread-1] org.apache.coyote.AbstractProtocol.pause Pausing ProtocolHandler ["http-nio-8080"]
17-Oct-2025 15:15:12.140 INFO [Thread-1] org.apache.catalina.core.StandardService.stopInternal Stopping service [Catalina]
17-Oct-2025 15:15:12.147 WARNING [Thread-1] org.apache.catalina.loader.WebappClassLoaderBase.clearReferencesJdbc The web application [servlet-igesta] registered the JDBC driver [org.postgresql.Driver] but failed to unregister it when the web application was stopped. To prevent a memory leak, the JDBC Driver has been forcibly unregistered.
17-Oct-2025 15:15:12.152 INFO [Thread-1] org.apache.coyote.AbstractProtocol.stop Stopping ProtocolHandler ["http-nio-8080"]
17-Oct-2025 15:15:12.179 INFO [Thread-1] org.apache.coyote.AbstractProtocol.destroy Destroying ProtocolHandler ["http-nio-8080"]
17-Oct-2025 15:15:34.985 INFO [main] org.apache.catalina.startup.VersionLoggerListener.log Server version name:   Apache Tomcat/11.0.9
17-Oct-2025 15:15:34.992 INFO [main] org.apache.catalina.startup.VersionLoggerListener.log Server built:          Jul 1 2025 20:39:04 UTC
17-Oct-2025 15:15:34.993 INFO [main] org.apache.catalina.startup.VersionLoggerListener.log Server version number: 11.0.9.0
17-Oct-2025 15:15:34.993 INFO [main] org.apache.catalina.startup.VersionLoggerListener.log OS Name:               Windows 11
17-Oct-2025 15:15:34.993 INFO [main] org.apache.catalina.startup.VersionLoggerListener.log OS Version:            10.0
17-Oct-2025 15:15:34.993 INFO [main] org.apache.catalina.startup.VersionLoggerListener.log Architecture:          amd64
17-Oct-2025 15:15:34.994 INFO [main] org.apache.catalina.startup.VersionLoggerListener.log Java Home:             C:\Users\aoasi\.jdks\openjdk-23.0.2
17-Oct-2025 15:15:34.994 INFO [main] org.apache.catalina.startup.VersionLoggerListener.log JVM Version:           23.0.2+7-58
17-Oct-2025 15:15:34.994 INFO [main] org.apache.catalina.startup.VersionLoggerListener.log JVM Vendor:            Oracle Corporation
17-Oct-2025 15:15:34.994 INFO [main] org.apache.catalina.startup.VersionLoggerListener.log CATALINA_BASE:         C:\Users\aoasi\OneDrive - Instituto J&F\Casa\InterdisciplinarBack\ServletProjects\EmpresasCRUD3\servlet-igesta\.smarttomcat\servlet-igesta
17-Oct-2025 15:15:34.994 INFO [main] org.apache.catalina.startup.VersionLoggerListener.log CATALINA_HOME:         C:\apache-tomcat-11.0.9
17-Oct-2025 15:15:35.008 INFO [main] org.apache.catalina.startup.VersionLoggerListener.log Command line argument: --add-opens=java.base/java.lang=ALL-UNNAMED
17-Oct-2025 15:15:35.008 INFO [main] org.apache.catalina.startup.VersionLoggerListener.log Command line argument: --add-opens=java.base/java.io=ALL-UNNAMED
17-Oct-2025 15:15:35.008 INFO [main] org.apache.catalina.startup.VersionLoggerListener.log Command line argument: --add-opens=java.base/java.util=ALL-UNNAMED
17-Oct-2025 15:15:35.009 INFO [main] org.apache.catalina.startup.VersionLoggerListener.log Command line argument: --add-opens=java.base/java.util.concurrent=ALL-UNNAMED
17-Oct-2025 15:15:35.009 INFO [main] org.apache.catalina.startup.VersionLoggerListener.log Command line argument: --add-opens=java.rmi/sun.rmi.transport=ALL-UNNAMED
17-Oct-2025 15:15:35.009 INFO [main] org.apache.catalina.startup.VersionLoggerListener.log Command line argument: -Dcatalina.home=C:\apache-tomcat-11.0.9
17-Oct-2025 15:15:35.009 INFO [main] org.apache.catalina.startup.VersionLoggerListener.log Command line argument: -Dcatalina.base=C:\Users\aoasi\OneDrive - Instituto J&F\Casa\InterdisciplinarBack\ServletProjects\EmpresasCRUD3\servlet-igesta\.smarttomcat\servlet-igesta
17-Oct-2025 15:15:35.009 INFO [main] org.apache.catalina.startup.VersionLoggerListener.log Command line argument: -Djava.io.tmpdir=C:\Users\aoasi\OneDrive - Instituto J&F\Casa\InterdisciplinarBack\ServletProjects\EmpresasCRUD3\servlet-igesta\.smarttomcat\servlet-igesta\temp
17-Oct-2025 15:15:35.009 INFO [main] org.apache.catalina.startup.VersionLoggerListener.log Command line argument: -Djava.util.logging.config.file=C:\Users\aoasi\OneDrive - Instituto J&F\Casa\InterdisciplinarBack\ServletProjects\EmpresasCRUD3\servlet-igesta\.smarttomcat\servlet-igesta\conf\logging.properties
17-Oct-2025 15:15:35.009 INFO [main] org.apache.catalina.startup.VersionLoggerListener.log Command line argument: -Djava.util.logging.manager=org.apache.juli.ClassLoaderLogManager
17-Oct-2025 15:15:35.009 INFO [main] org.apache.catalina.startup.VersionLoggerListener.log Command line argument: -javaagent:C:\Program Files\JetBrains\IntelliJ IDEA 2024.3.3\lib\idea_rt.jar=61804:C:\Program Files\JetBrains\IntelliJ IDEA 2024.3.3\bin
17-Oct-2025 15:15:35.009 INFO [main] org.apache.catalina.startup.VersionLoggerListener.log Command line argument: -Dfile.encoding=UTF-8
17-Oct-2025 15:15:35.009 INFO [main] org.apache.catalina.startup.VersionLoggerListener.log Command line argument: -Dsun.stdout.encoding=UTF-8
17-Oct-2025 15:15:35.009 INFO [main] org.apache.catalina.startup.VersionLoggerListener.log Command line argument: -Dsun.stderr.encoding=UTF-8
17-Oct-2025 15:15:35.024 INFO [main] org.apache.catalina.core.AprLifecycleListener.lifecycleEvent The Apache Tomcat Native library which allows using OpenSSL was not found on the java.library.path: [C:\Users\aoasi\.jdks\openjdk-23.0.2\bin;C:\Windows\Sun\Java\bin;C:\Windows\system32;C:\Windows;C:\Program Files\Common Files\Oracle\Java\javapath;C:\Program Files\Eclipse Adoptium\jdk-21.0.8.9-hotspot\bin;C:\ProgramData\Oracle\Java\javapath;C:\Program Files (x86)\Common Files\Oracle\Java\java8path;C:\Windows\system32;C:\Windows;C:\Windows\System32\Wbem;C:\Windows\System32\WindowsPowerShell\v1.0\;C:\Windows\System32\OpenSSH\;C:\Program Files\Lua;C:\Program Files\dotnet\;C:\Windows\Microsoft.NET\Framework64\v4.0.30319;C:\Program Files\Docker\Docker\resources\bin;C:\Program Files\Git\cmd;C:\Windows\system32\config\systemprofile\AppData\Local\Muse Hub\lib;C:\Users\aoasi\.cargo\bin;C:\Users\aoasi\AppData\Local\Programs\Python\Launcher\;C:\Users\aoasi\AppData\Local\Microsoft\WindowsApps;C:\Users\aoasi\AppData\Local\Programs\Microsoft VS Code\bin;C:\Users\aoasi\AppData\Local\Muse Hub\lib;C:\Windows\Microsoft.NET\Framework64\v4.0.30319;C:\Users\aoasi\.dotnet\tools;C:\Program Files\JetBrains\IntelliJ IDEA 2024.3.3\bin;;.]
17-Oct-2025 15:15:35.479 INFO [main] org.apache.coyote.AbstractProtocol.init Initializing ProtocolHandler ["http-nio-8080"]
17-Oct-2025 15:15:35.506 INFO [main] org.apache.catalina.startup.Catalina.load Server initialization in [833] milliseconds
17-Oct-2025 15:15:35.580 INFO [main] org.apache.catalina.core.StandardService.startInternal Starting service [Catalina]
17-Oct-2025 15:15:35.580 INFO [main] org.apache.catalina.core.StandardEngine.startInternal Starting Servlet engine: [Apache Tomcat/11.0.9]
17-Oct-2025 15:15:35.603 INFO [main] org.apache.catalina.startup.HostConfig.deployDescriptor Deploying deployment descriptor [C:\Users\aoasi\OneDrive - Instituto J&F\Casa\InterdisciplinarBack\ServletProjects\EmpresasCRUD3\servlet-igesta\.smarttomcat\servlet-igesta\conf\Catalina\localhost\servlet-igesta.xml]
17-Oct-2025 15:15:36.558 INFO [main] org.apache.jasper.servlet.TldScanner.scanJars At least one JAR was scanned for TLDs yet contained no TLDs. Enable debug logging for this logger for a complete list of JARs that were scanned but no TLDs were found in them. Skipping unneeded JARs during scanning can improve startup time and JSP compilation time.
17-Oct-2025 15:15:36.611 INFO [main] org.apache.catalina.startup.HostConfig.deployDescriptor Deployment of deployment descriptor [C:\Users\aoasi\OneDrive - Instituto J&F\Casa\InterdisciplinarBack\ServletProjects\EmpresasCRUD3\servlet-igesta\.smarttomcat\servlet-igesta\conf\Catalina\localhost\servlet-igesta.xml] has finished in [1.005] ms
17-Oct-2025 15:15:36.618 INFO [main] org.apache.coyote.AbstractProtocol.start Starting ProtocolHandler ["http-nio-8080"]
17-Oct-2025 15:15:36.641 INFO [main] org.apache.catalina.startup.Catalina.start Server startup in [1133] milliseconds
17-Oct-2025 15:24:28.848 INFO [Thread-1] org.apache.coyote.AbstractProtocol.pause Pausing ProtocolHandler ["http-nio-8080"]
17-Oct-2025 15:24:28.852 INFO [Thread-1] org.apache.catalina.core.StandardService.stopInternal Stopping service [Catalina]
17-Oct-2025 15:24:28.857 WARNING [Thread-1] org.apache.catalina.loader.WebappClassLoaderBase.clearReferencesJdbc The web application [servlet-igesta] registered the JDBC driver [org.postgresql.Driver] but failed to unregister it when the web application was stopped. To prevent a memory leak, the JDBC Driver has been forcibly unregistered.
17-Oct-2025 15:24:28.862 INFO [Thread-1] org.apache.coyote.AbstractProtocol.stop Stopping ProtocolHandler ["http-nio-8080"]
17-Oct-2025 15:24:28.866 INFO [Thread-1] org.apache.coyote.AbstractProtocol.destroy Destroying ProtocolHandler ["http-nio-8080"]
17-Oct-2025 15:24:33.608 INFO [main] org.apache.catalina.startup.VersionLoggerListener.log Server version name:   Apache Tomcat/11.0.9
17-Oct-2025 15:24:33.612 INFO [main] org.apache.catalina.startup.VersionLoggerListener.log Server built:          Jul 1 2025 20:39:04 UTC
17-Oct-2025 15:24:33.613 INFO [main] org.apache.catalina.startup.VersionLoggerListener.log Server version number: 11.0.9.0
17-Oct-2025 15:24:33.613 INFO [main] org.apache.catalina.startup.VersionLoggerListener.log OS Name:               Windows 11
17-Oct-2025 15:24:33.613 INFO [main] org.apache.catalina.startup.VersionLoggerListener.log OS Version:            10.0
17-Oct-2025 15:24:33.613 INFO [main] org.apache.catalina.startup.VersionLoggerListener.log Architecture:          amd64
17-Oct-2025 15:24:33.614 INFO [main] org.apache.catalina.startup.VersionLoggerListener.log Java Home:             C:\Users\aoasi\.jdks\openjdk-23.0.2
17-Oct-2025 15:24:33.614 INFO [main] org.apache.catalina.startup.VersionLoggerListener.log JVM Version:           23.0.2+7-58
17-Oct-2025 15:24:33.614 INFO [main] org.apache.catalina.startup.VersionLoggerListener.log JVM Vendor:            Oracle Corporation
17-Oct-2025 15:24:33.614 INFO [main] org.apache.catalina.startup.VersionLoggerListener.log CATALINA_BASE:         C:\Users\aoasi\OneDrive - Instituto J&F\Casa\InterdisciplinarBack\ServletProjects\EmpresasCRUD3\servlet-igesta\.smarttomcat\servlet-igesta
17-Oct-2025 15:24:33.614 INFO [main] org.apache.catalina.startup.VersionLoggerListener.log CATALINA_HOME:         C:\apache-tomcat-11.0.9
17-Oct-2025 15:24:33.624 INFO [main] org.apache.catalina.startup.VersionLoggerListener.log Command line argument: --add-opens=java.base/java.lang=ALL-UNNAMED
17-Oct-2025 15:24:33.624 INFO [main] org.apache.catalina.startup.VersionLoggerListener.log Command line argument: --add-opens=java.base/java.io=ALL-UNNAMED
17-Oct-2025 15:24:33.624 INFO [main] org.apache.catalina.startup.VersionLoggerListener.log Command line argument: --add-opens=java.base/java.util=ALL-UNNAMED
17-Oct-2025 15:24:33.624 INFO [main] org.apache.catalina.startup.VersionLoggerListener.log Command line argument: --add-opens=java.base/java.util.concurrent=ALL-UNNAMED
17-Oct-2025 15:24:33.624 INFO [main] org.apache.catalina.startup.VersionLoggerListener.log Command line argument: --add-opens=java.rmi/sun.rmi.transport=ALL-UNNAMED
17-Oct-2025 15:24:33.624 INFO [main] org.apache.catalina.startup.VersionLoggerListener.log Command line argument: -Dcatalina.home=C:\apache-tomcat-11.0.9
17-Oct-2025 15:24:33.624 INFO [main] org.apache.catalina.startup.VersionLoggerListener.log Command line argument: -Dcatalina.base=C:\Users\aoasi\OneDrive - Instituto J&F\Casa\InterdisciplinarBack\ServletProjects\EmpresasCRUD3\servlet-igesta\.smarttomcat\servlet-igesta
17-Oct-2025 15:24:33.624 INFO [main] org.apache.catalina.startup.VersionLoggerListener.log Command line argument: -Djava.io.tmpdir=C:\Users\aoasi\OneDrive - Instituto J&F\Casa\InterdisciplinarBack\ServletProjects\EmpresasCRUD3\servlet-igesta\.smarttomcat\servlet-igesta\temp
17-Oct-2025 15:24:33.626 INFO [main] org.apache.catalina.startup.VersionLoggerListener.log Command line argument: -Djava.util.logging.config.file=C:\Users\aoasi\OneDrive - Instituto J&F\Casa\InterdisciplinarBack\ServletProjects\EmpresasCRUD3\servlet-igesta\.smarttomcat\servlet-igesta\conf\logging.properties
17-Oct-2025 15:24:33.626 INFO [main] org.apache.catalina.startup.VersionLoggerListener.log Command line argument: -Djava.util.logging.manager=org.apache.juli.ClassLoaderLogManager
17-Oct-2025 15:24:33.626 INFO [main] org.apache.catalina.startup.VersionLoggerListener.log Command line argument: -javaagent:C:\Program Files\JetBrains\IntelliJ IDEA 2024.3.3\lib\idea_rt.jar=52924:C:\Program Files\JetBrains\IntelliJ IDEA 2024.3.3\bin
17-Oct-2025 15:24:33.626 INFO [main] org.apache.catalina.startup.VersionLoggerListener.log Command line argument: -Dfile.encoding=UTF-8
17-Oct-2025 15:24:33.626 INFO [main] org.apache.catalina.startup.VersionLoggerListener.log Command line argument: -Dsun.stdout.encoding=UTF-8
17-Oct-2025 15:24:33.626 INFO [main] org.apache.catalina.startup.VersionLoggerListener.log Command line argument: -Dsun.stderr.encoding=UTF-8
17-Oct-2025 15:24:33.637 INFO [main] org.apache.catalina.core.AprLifecycleListener.lifecycleEvent The Apache Tomcat Native library which allows using OpenSSL was not found on the java.library.path: [C:\Users\aoasi\.jdks\openjdk-23.0.2\bin;C:\Windows\Sun\Java\bin;C:\Windows\system32;C:\Windows;C:\Program Files\Common Files\Oracle\Java\javapath;C:\Program Files\Eclipse Adoptium\jdk-21.0.8.9-hotspot\bin;C:\ProgramData\Oracle\Java\javapath;C:\Program Files (x86)\Common Files\Oracle\Java\java8path;C:\Windows\system32;C:\Windows;C:\Windows\System32\Wbem;C:\Windows\System32\WindowsPowerShell\v1.0\;C:\Windows\System32\OpenSSH\;C:\Program Files\Lua;C:\Program Files\dotnet\;C:\Windows\Microsoft.NET\Framework64\v4.0.30319;C:\Program Files\Docker\Docker\resources\bin;C:\Program Files\Git\cmd;C:\Windows\system32\config\systemprofile\AppData\Local\Muse Hub\lib;C:\Users\aoasi\.cargo\bin;C:\Users\aoasi\AppData\Local\Programs\Python\Launcher\;C:\Users\aoasi\AppData\Local\Microsoft\WindowsApps;C:\Users\aoasi\AppData\Local\Programs\Microsoft VS Code\bin;C:\Users\aoasi\AppData\Local\Muse Hub\lib;C:\Windows\Microsoft.NET\Framework64\v4.0.30319;C:\Users\aoasi\.dotnet\tools;C:\Program Files\JetBrains\IntelliJ IDEA 2024.3.3\bin;;.]
17-Oct-2025 15:24:33.974 INFO [main] org.apache.coyote.AbstractProtocol.init Initializing ProtocolHandler ["http-nio-8080"]
17-Oct-2025 15:24:33.991 INFO [main] org.apache.catalina.startup.Catalina.load Server initialization in [636] milliseconds
17-Oct-2025 15:24:34.047 INFO [main] org.apache.catalina.core.StandardService.startInternal Starting service [Catalina]
17-Oct-2025 15:24:34.048 INFO [main] org.apache.catalina.core.StandardEngine.startInternal Starting Servlet engine: [Apache Tomcat/11.0.9]
17-Oct-2025 15:24:34.061 INFO [main] org.apache.catalina.startup.HostConfig.deployDescriptor Deploying deployment descriptor [C:\Users\aoasi\OneDrive - Instituto J&F\Casa\InterdisciplinarBack\ServletProjects\EmpresasCRUD3\servlet-igesta\.smarttomcat\servlet-igesta\conf\Catalina\localhost\servlet-igesta.xml]
17-Oct-2025 15:24:34.972 INFO [main] org.apache.jasper.servlet.TldScanner.scanJars At least one JAR was scanned for TLDs yet contained no TLDs. Enable debug logging for this logger for a complete list of JARs that were scanned but no TLDs were found in them. Skipping unneeded JARs during scanning can improve startup time and JSP compilation time.
17-Oct-2025 15:24:35.034 INFO [main] org.apache.catalina.startup.HostConfig.deployDescriptor Deployment of deployment descriptor [C:\Users\aoasi\OneDrive - Instituto J&F\Casa\InterdisciplinarBack\ServletProjects\EmpresasCRUD3\servlet-igesta\.smarttomcat\servlet-igesta\conf\Catalina\localhost\servlet-igesta.xml] has finished in [969] ms
17-Oct-2025 15:24:35.040 INFO [main] org.apache.coyote.AbstractProtocol.start Starting ProtocolHandler ["http-nio-8080"]
17-Oct-2025 15:24:35.064 INFO [main] org.apache.catalina.startup.Catalina.start Server startup in [1071] milliseconds
17-Oct-2025 15:30:44.342 INFO [Thread-1] org.apache.coyote.AbstractProtocol.pause Pausing ProtocolHandler ["http-nio-8080"]
17-Oct-2025 15:30:44.345 INFO [Thread-1] org.apache.catalina.core.StandardService.stopInternal Stopping service [Catalina]
17-Oct-2025 15:30:44.354 WARNING [Thread-1] org.apache.catalina.loader.WebappClassLoaderBase.clearReferencesJdbc The web application [servlet-igesta] registered the JDBC driver [org.postgresql.Driver] but failed to unregister it when the web application was stopped. To prevent a memory leak, the JDBC Driver has been forcibly unregistered.
17-Oct-2025 15:30:44.362 INFO [Thread-1] org.apache.coyote.AbstractProtocol.stop Stopping ProtocolHandler ["http-nio-8080"]
17-Oct-2025 15:30:44.385 INFO [Thread-1] org.apache.coyote.AbstractProtocol.destroy Destroying ProtocolHandler ["http-nio-8080"]
17-Oct-2025 15:30:48.584 INFO [main] org.apache.catalina.startup.VersionLoggerListener.log Server version name:   Apache Tomcat/11.0.9
17-Oct-2025 15:30:48.590 INFO [main] org.apache.catalina.startup.VersionLoggerListener.log Server built:          Jul 1 2025 20:39:04 UTC
17-Oct-2025 15:30:48.590 INFO [main] org.apache.catalina.startup.VersionLoggerListener.log Server version number: 11.0.9.0
17-Oct-2025 15:30:48.590 INFO [main] org.apache.catalina.startup.VersionLoggerListener.log OS Name:               Windows 11
17-Oct-2025 15:30:48.590 INFO [main] org.apache.catalina.startup.VersionLoggerListener.log OS Version:            10.0
17-Oct-2025 15:30:48.591 INFO [main] org.apache.catalina.startup.VersionLoggerListener.log Architecture:          amd64
17-Oct-2025 15:30:48.591 INFO [main] org.apache.catalina.startup.VersionLoggerListener.log Java Home:             C:\Users\aoasi\.jdks\openjdk-23.0.2
17-Oct-2025 15:30:48.591 INFO [main] org.apache.catalina.startup.VersionLoggerListener.log JVM Version:           23.0.2+7-58
17-Oct-2025 15:30:48.591 INFO [main] org.apache.catalina.startup.VersionLoggerListener.log JVM Vendor:            Oracle Corporation
17-Oct-2025 15:30:48.591 INFO [main] org.apache.catalina.startup.VersionLoggerListener.log CATALINA_BASE:         C:\Users\aoasi\OneDrive - Instituto J&F\Casa\InterdisciplinarBack\ServletProjects\EmpresasCRUD3\servlet-igesta\.smarttomcat\servlet-igesta
17-Oct-2025 15:30:48.591 INFO [main] org.apache.catalina.startup.VersionLoggerListener.log CATALINA_HOME:         C:\apache-tomcat-11.0.9
17-Oct-2025 15:30:48.603 INFO [main] org.apache.catalina.startup.VersionLoggerListener.log Command line argument: --add-opens=java.base/java.lang=ALL-UNNAMED
17-Oct-2025 15:30:48.603 INFO [main] org.apache.catalina.startup.VersionLoggerListener.log Command line argument: --add-opens=java.base/java.io=ALL-UNNAMED
17-Oct-2025 15:30:48.603 INFO [main] org.apache.catalina.startup.VersionLoggerListener.log Command line argument: --add-opens=java.base/java.util=ALL-UNNAMED
17-Oct-2025 15:30:48.603 INFO [main] org.apache.catalina.startup.VersionLoggerListener.log Command line argument: --add-opens=java.base/java.util.concurrent=ALL-UNNAMED
17-Oct-2025 15:30:48.603 INFO [main] org.apache.catalina.startup.VersionLoggerListener.log Command line argument: --add-opens=java.rmi/sun.rmi.transport=ALL-UNNAMED
17-Oct-2025 15:30:48.604 INFO [main] org.apache.catalina.startup.VersionLoggerListener.log Command line argument: -Dcatalina.home=C:\apache-tomcat-11.0.9
17-Oct-2025 15:30:48.604 INFO [main] org.apache.catalina.startup.VersionLoggerListener.log Command line argument: -Dcatalina.base=C:\Users\aoasi\OneDrive - Instituto J&F\Casa\InterdisciplinarBack\ServletProjects\EmpresasCRUD3\servlet-igesta\.smarttomcat\servlet-igesta
17-Oct-2025 15:30:48.604 INFO [main] org.apache.catalina.startup.VersionLoggerListener.log Command line argument: -Djava.io.tmpdir=C:\Users\aoasi\OneDrive - Instituto J&F\Casa\InterdisciplinarBack\ServletProjects\EmpresasCRUD3\servlet-igesta\.smarttomcat\servlet-igesta\temp
17-Oct-2025 15:30:48.604 INFO [main] org.apache.catalina.startup.VersionLoggerListener.log Command line argument: -Djava.util.logging.config.file=C:\Users\aoasi\OneDrive - Instituto J&F\Casa\InterdisciplinarBack\ServletProjects\EmpresasCRUD3\servlet-igesta\.smarttomcat\servlet-igesta\conf\logging.properties
17-Oct-2025 15:30:48.604 INFO [main] org.apache.catalina.startup.VersionLoggerListener.log Command line argument: -Djava.util.logging.manager=org.apache.juli.ClassLoaderLogManager
17-Oct-2025 15:30:48.604 INFO [main] org.apache.catalina.startup.VersionLoggerListener.log Command line argument: -javaagent:C:\Program Files\JetBrains\IntelliJ IDEA 2024.3.3\lib\idea_rt.jar=61785:C:\Program Files\JetBrains\IntelliJ IDEA 2024.3.3\bin
17-Oct-2025 15:30:48.604 INFO [main] org.apache.catalina.startup.VersionLoggerListener.log Command line argument: -Dfile.encoding=UTF-8
17-Oct-2025 15:30:48.604 INFO [main] org.apache.catalina.startup.VersionLoggerListener.log Command line argument: -Dsun.stdout.encoding=UTF-8
17-Oct-2025 15:30:48.604 INFO [main] org.apache.catalina.startup.VersionLoggerListener.log Command line argument: -Dsun.stderr.encoding=UTF-8
17-Oct-2025 15:30:48.615 INFO [main] org.apache.catalina.core.AprLifecycleListener.lifecycleEvent The Apache Tomcat Native library which allows using OpenSSL was not found on the java.library.path: [C:\Users\aoasi\.jdks\openjdk-23.0.2\bin;C:\Windows\Sun\Java\bin;C:\Windows\system32;C:\Windows;C:\Program Files\Common Files\Oracle\Java\javapath;C:\Program Files\Eclipse Adoptium\jdk-21.0.8.9-hotspot\bin;C:\ProgramData\Oracle\Java\javapath;C:\Program Files (x86)\Common Files\Oracle\Java\java8path;C:\Windows\system32;C:\Windows;C:\Windows\System32\Wbem;C:\Windows\System32\WindowsPowerShell\v1.0\;C:\Windows\System32\OpenSSH\;C:\Program Files\Lua;C:\Program Files\dotnet\;C:\Windows\Microsoft.NET\Framework64\v4.0.30319;C:\Program Files\Docker\Docker\resources\bin;C:\Program Files\Git\cmd;C:\Windows\system32\config\systemprofile\AppData\Local\Muse Hub\lib;C:\Users\aoasi\.cargo\bin;C:\Users\aoasi\AppData\Local\Programs\Python\Launcher\;C:\Users\aoasi\AppData\Local\Microsoft\WindowsApps;C:\Users\aoasi\AppData\Local\Programs\Microsoft VS Code\bin;C:\Users\aoasi\AppData\Local\Muse Hub\lib;C:\Windows\Microsoft.NET\Framework64\v4.0.30319;C:\Users\aoasi\.dotnet\tools;C:\Program Files\JetBrains\IntelliJ IDEA 2024.3.3\bin;;.]
17-Oct-2025 15:30:49.136 INFO [main] org.apache.coyote.AbstractProtocol.init Initializing ProtocolHandler ["http-nio-8080"]
17-Oct-2025 15:30:49.167 INFO [main] org.apache.catalina.startup.Catalina.load Server initialization in [960] milliseconds
17-Oct-2025 15:30:49.246 INFO [main] org.apache.catalina.core.StandardService.startInternal Starting service [Catalina]
17-Oct-2025 15:30:49.246 INFO [main] org.apache.catalina.core.StandardEngine.startInternal Starting Servlet engine: [Apache Tomcat/11.0.9]
17-Oct-2025 15:30:49.272 INFO [main] org.apache.catalina.startup.HostConfig.deployDescriptor Deploying deployment descriptor [C:\Users\aoasi\OneDrive - Instituto J&F\Casa\InterdisciplinarBack\ServletProjects\EmpresasCRUD3\servlet-igesta\.smarttomcat\servlet-igesta\conf\Catalina\localhost\servlet-igesta.xml]
17-Oct-2025 15:30:50.522 INFO [main] org.apache.jasper.servlet.TldScanner.scanJars At least one JAR was scanned for TLDs yet contained no TLDs. Enable debug logging for this logger for a complete list of JARs that were scanned but no TLDs were found in them. Skipping unneeded JARs during scanning can improve startup time and JSP compilation time.
17-Oct-2025 15:30:50.630 INFO [main] org.apache.catalina.startup.HostConfig.deployDescriptor Deployment of deployment descriptor [C:\Users\aoasi\OneDrive - Instituto J&F\Casa\InterdisciplinarBack\ServletProjects\EmpresasCRUD3\servlet-igesta\.smarttomcat\servlet-igesta\conf\Catalina\localhost\servlet-igesta.xml] has finished in [1.350] ms
17-Oct-2025 15:30:50.641 INFO [main] org.apache.coyote.AbstractProtocol.start Starting ProtocolHandler ["http-nio-8080"]
17-Oct-2025 15:30:50.683 INFO [main] org.apache.catalina.startup.Catalina.start Server startup in [1513] milliseconds
17-Oct-2025 15:33:24.089 INFO [Thread-1] org.apache.coyote.AbstractProtocol.pause Pausing ProtocolHandler ["http-nio-8080"]
17-Oct-2025 15:33:24.092 INFO [Thread-1] org.apache.catalina.core.StandardService.stopInternal Stopping service [Catalina]
17-Oct-2025 15:33:24.100 WARNING [Thread-1] org.apache.catalina.loader.WebappClassLoaderBase.clearReferencesJdbc The web application [servlet-igesta] registered the JDBC driver [org.postgresql.Driver] but failed to unregister it when the web application was stopped. To prevent a memory leak, the JDBC Driver has been forcibly unregistered.
17-Oct-2025 15:33:24.105 INFO [Thread-1] org.apache.coyote.AbstractProtocol.stop Stopping ProtocolHandler ["http-nio-8080"]
17-Oct-2025 15:33:24.126 INFO [Thread-1] org.apache.coyote.AbstractProtocol.destroy Destroying ProtocolHandler ["http-nio-8080"]
17-Oct-2025 15:33:25.946 INFO [main] org.apache.catalina.startup.VersionLoggerListener.log Server version name:   Apache Tomcat/11.0.9
17-Oct-2025 15:33:25.951 INFO [main] org.apache.catalina.startup.VersionLoggerListener.log Server built:          Jul 1 2025 20:39:04 UTC
17-Oct-2025 15:33:25.951 INFO [main] org.apache.catalina.startup.VersionLoggerListener.log Server version number: 11.0.9.0
17-Oct-2025 15:33:25.951 INFO [main] org.apache.catalina.startup.VersionLoggerListener.log OS Name:               Windows 11
17-Oct-2025 15:33:25.952 INFO [main] org.apache.catalina.startup.VersionLoggerListener.log OS Version:            10.0
17-Oct-2025 15:33:25.952 INFO [main] org.apache.catalina.startup.VersionLoggerListener.log Architecture:          amd64
17-Oct-2025 15:33:25.952 INFO [main] org.apache.catalina.startup.VersionLoggerListener.log Java Home:             C:\Users\aoasi\.jdks\openjdk-23.0.2
17-Oct-2025 15:33:25.952 INFO [main] org.apache.catalina.startup.VersionLoggerListener.log JVM Version:           23.0.2+7-58
17-Oct-2025 15:33:25.952 INFO [main] org.apache.catalina.startup.VersionLoggerListener.log JVM Vendor:            Oracle Corporation
17-Oct-2025 15:33:25.952 INFO [main] org.apache.catalina.startup.VersionLoggerListener.log CATALINA_BASE:         C:\Users\aoasi\OneDrive - Instituto J&F\Casa\InterdisciplinarBack\ServletProjects\EmpresasCRUD3\servlet-igesta\.smarttomcat\servlet-igesta
17-Oct-2025 15:33:25.952 INFO [main] org.apache.catalina.startup.VersionLoggerListener.log CATALINA_HOME:         C:\apache-tomcat-11.0.9
17-Oct-2025 15:33:25.964 INFO [main] org.apache.catalina.startup.VersionLoggerListener.log Command line argument: --add-opens=java.base/java.lang=ALL-UNNAMED
17-Oct-2025 15:33:25.964 INFO [main] org.apache.catalina.startup.VersionLoggerListener.log Command line argument: --add-opens=java.base/java.io=ALL-UNNAMED
17-Oct-2025 15:33:25.964 INFO [main] org.apache.catalina.startup.VersionLoggerListener.log Command line argument: --add-opens=java.base/java.util=ALL-UNNAMED
17-Oct-2025 15:33:25.964 INFO [main] org.apache.catalina.startup.VersionLoggerListener.log Command line argument: --add-opens=java.base/java.util.concurrent=ALL-UNNAMED
17-Oct-2025 15:33:25.965 INFO [main] org.apache.catalina.startup.VersionLoggerListener.log Command line argument: --add-opens=java.rmi/sun.rmi.transport=ALL-UNNAMED
17-Oct-2025 15:33:25.965 INFO [main] org.apache.catalina.startup.VersionLoggerListener.log Command line argument: -Dcatalina.home=C:\apache-tomcat-11.0.9
17-Oct-2025 15:33:25.965 INFO [main] org.apache.catalina.startup.VersionLoggerListener.log Command line argument: -Dcatalina.base=C:\Users\aoasi\OneDrive - Instituto J&F\Casa\InterdisciplinarBack\ServletProjects\EmpresasCRUD3\servlet-igesta\.smarttomcat\servlet-igesta
17-Oct-2025 15:33:25.965 INFO [main] org.apache.catalina.startup.VersionLoggerListener.log Command line argument: -Djava.io.tmpdir=C:\Users\aoasi\OneDrive - Instituto J&F\Casa\InterdisciplinarBack\ServletProjects\EmpresasCRUD3\servlet-igesta\.smarttomcat\servlet-igesta\temp
17-Oct-2025 15:33:25.965 INFO [main] org.apache.catalina.startup.VersionLoggerListener.log Command line argument: -Djava.util.logging.config.file=C:\Users\aoasi\OneDrive - Instituto J&F\Casa\InterdisciplinarBack\ServletProjects\EmpresasCRUD3\servlet-igesta\.smarttomcat\servlet-igesta\conf\logging.properties
17-Oct-2025 15:33:25.965 INFO [main] org.apache.catalina.startup.VersionLoggerListener.log Command line argument: -Djava.util.logging.manager=org.apache.juli.ClassLoaderLogManager
17-Oct-2025 15:33:25.965 INFO [main] org.apache.catalina.startup.VersionLoggerListener.log Command line argument: -javaagent:C:\Program Files\JetBrains\IntelliJ IDEA 2024.3.3\lib\idea_rt.jar=60732:C:\Program Files\JetBrains\IntelliJ IDEA 2024.3.3\bin
17-Oct-2025 15:33:25.965 INFO [main] org.apache.catalina.startup.VersionLoggerListener.log Command line argument: -Dfile.encoding=UTF-8
17-Oct-2025 15:33:25.965 INFO [main] org.apache.catalina.startup.VersionLoggerListener.log Command line argument: -Dsun.stdout.encoding=UTF-8
17-Oct-2025 15:33:25.965 INFO [main] org.apache.catalina.startup.VersionLoggerListener.log Command line argument: -Dsun.stderr.encoding=UTF-8
17-Oct-2025 15:33:25.974 INFO [main] org.apache.catalina.core.AprLifecycleListener.lifecycleEvent The Apache Tomcat Native library which allows using OpenSSL was not found on the java.library.path: [C:\Users\aoasi\.jdks\openjdk-23.0.2\bin;C:\Windows\Sun\Java\bin;C:\Windows\system32;C:\Windows;C:\Program Files\Common Files\Oracle\Java\javapath;C:\Program Files\Eclipse Adoptium\jdk-21.0.8.9-hotspot\bin;C:\ProgramData\Oracle\Java\javapath;C:\Program Files (x86)\Common Files\Oracle\Java\java8path;C:\Windows\system32;C:\Windows;C:\Windows\System32\Wbem;C:\Windows\System32\WindowsPowerShell\v1.0\;C:\Windows\System32\OpenSSH\;C:\Program Files\Lua;C:\Program Files\dotnet\;C:\Windows\Microsoft.NET\Framework64\v4.0.30319;C:\Program Files\Docker\Docker\resources\bin;C:\Program Files\Git\cmd;C:\Windows\system32\config\systemprofile\AppData\Local\Muse Hub\lib;C:\Users\aoasi\.cargo\bin;C:\Users\aoasi\AppData\Local\Programs\Python\Launcher\;C:\Users\aoasi\AppData\Local\Microsoft\WindowsApps;C:\Users\aoasi\AppData\Local\Programs\Microsoft VS Code\bin;C:\Users\aoasi\AppData\Local\Muse Hub\lib;C:\Windows\Microsoft.NET\Framework64\v4.0.30319;C:\Users\aoasi\.dotnet\tools;C:\Program Files\JetBrains\IntelliJ IDEA 2024.3.3\bin;;.]
17-Oct-2025 15:33:26.374 INFO [main] org.apache.coyote.AbstractProtocol.init Initializing ProtocolHandler ["http-nio-8080"]
17-Oct-2025 15:33:26.396 INFO [main] org.apache.catalina.startup.Catalina.load Server initialization in [747] milliseconds
17-Oct-2025 15:33:26.459 INFO [main] org.apache.catalina.core.StandardService.startInternal Starting service [Catalina]
17-Oct-2025 15:33:26.459 INFO [main] org.apache.catalina.core.StandardEngine.startInternal Starting Servlet engine: [Apache Tomcat/11.0.9]
17-Oct-2025 15:33:26.480 INFO [main] org.apache.catalina.startup.HostConfig.deployDescriptor Deploying deployment descriptor [C:\Users\aoasi\OneDrive - Instituto J&F\Casa\InterdisciplinarBack\ServletProjects\EmpresasCRUD3\servlet-igesta\.smarttomcat\servlet-igesta\conf\Catalina\localhost\servlet-igesta.xml]
17-Oct-2025 15:33:27.331 INFO [main] org.apache.jasper.servlet.TldScanner.scanJars At least one JAR was scanned for TLDs yet contained no TLDs. Enable debug logging for this logger for a complete list of JARs that were scanned but no TLDs were found in them. Skipping unneeded JARs during scanning can improve startup time and JSP compilation time.
17-Oct-2025 15:33:27.382 INFO [main] org.apache.catalina.startup.HostConfig.deployDescriptor Deployment of deployment descriptor [C:\Users\aoasi\OneDrive - Instituto J&F\Casa\InterdisciplinarBack\ServletProjects\EmpresasCRUD3\servlet-igesta\.smarttomcat\servlet-igesta\conf\Catalina\localhost\servlet-igesta.xml] has finished in [900] ms
17-Oct-2025 15:33:27.387 INFO [main] org.apache.coyote.AbstractProtocol.start Starting ProtocolHandler ["http-nio-8080"]
17-Oct-2025 15:33:27.411 INFO [main] org.apache.catalina.startup.Catalina.start Server startup in [1012] milliseconds
17-Oct-2025 15:34:53.147 INFO [Thread-1] org.apache.coyote.AbstractProtocol.pause Pausing ProtocolHandler ["http-nio-8080"]
17-Oct-2025 15:34:53.150 INFO [Thread-1] org.apache.catalina.core.StandardService.stopInternal Stopping service [Catalina]
17-Oct-2025 15:34:53.156 WARNING [Thread-1] org.apache.catalina.loader.WebappClassLoaderBase.clearReferencesJdbc The web application [servlet-igesta] registered the JDBC driver [org.postgresql.Driver] but failed to unregister it when the web application was stopped. To prevent a memory leak, the JDBC Driver has been forcibly unregistered.
17-Oct-2025 15:34:53.161 INFO [Thread-1] org.apache.coyote.AbstractProtocol.stop Stopping ProtocolHandler ["http-nio-8080"]
17-Oct-2025 15:34:53.185 INFO [Thread-1] org.apache.coyote.AbstractProtocol.destroy Destroying ProtocolHandler ["http-nio-8080"]
